first_name,last_name,npi,street,street_2,zip,city,state
Ruthe,Laverne,44843147983186317848,569 glenda islands,suite 163,23453,willport,nj
Marshall,Cole,18233577393219566041,59944 adaline harbor,apt. 862,94189,keelingstad,al
Lawson,Lilliana,78792788275411915642,36175 amina mount,apt. 256,30997,north daija,de
Martine,Kiana,23583155472740817761,188 walsh flat,apt. 891,83568,yasmeenstad,nv
Leatha,Freida,,43796 gutmann plains,suite 341,10500,vonmouth,fl
Justyn,Abbie,78362387662864903554,,,,,
Granville,Benton,17871640342222098849,95496 dare rue,suite 203,45294,octaviastad,il
Brenda,Lenna,88137148807320232511,361 justyn meadow,suite 635,71148,steuberhaven,la
Juliana,Benedict,,798 katarina street,apt. 817,10547,north florida,ri
Marjory,Ulices,13251241236387155567,5356 hane mountains,suite 254,80179,elmiraborough,ny
Celia,Joany,53517451823105334497,,,,,
Kathryn,Shany,18615056044429228990,817 hammes harbor,apt. 701,97730,dickinsonview,ca
Isabelle,Nils,41196810585374325420,590 cummings union,apt. 390,56970,daphneeburgh,in
Johnnie,Johnathon,,541 nora hill,apt. 833,24212,south erwinborough,ut
Madaline,Shirley,34629375530320352466,62088 krajcik summit,apt. 534,30826,kundechester,wa
Khalid,Crystel,82216555626836774716,89133 schoen ferry,apt. 830,73060,richieland,sc
Heather,Tracy,75216887016624818206,,,,,
Audra,Imogene,,9228 rodriguez knolls,apt. 544,20864,jonesside,in
Montana,Dominic,48581605458856137841,622 reggie inlet,apt. 456,73178,wunschhaven,co
Justice,Jessy,55734468672668247847,75693 eliseo burgs,suite 102,77848,wittingstad,hi
Maryjane,Sasha,53273831484766113262,8210 romaguera ridges,apt. 807,41761,asiastad,id
Brice,Maximillian,58552116202772184856,779 macejkovic avenue,suite 917,43697,dannychester,vt
Sylvia,Obie,,,,,,
Deborah,Jolie,72248738248131276601,2744 kirsten plaza,suite 148,80760,zionburgh,tx
Marjory,Harley,85666817362462284195,3238 freeman trail,suite 472,66696,schustermouth,hi
Zita,Yasmin,57219924682871422273,2521 runolfsdottir station,apt. 283,62342,east annetteville,md
Victoria,Kaleb,,79341 destin springs,apt. 561,74019,port norbertohaven,la
Pascale,Ryder,75137145868784228122,,,,,
Nella,Sheridan,63158792827720528132,4326 nitzsche plaza,apt. 445,31477,west luther,nh
Albin,Yvette,60813239314886505555,81997 doug greens,apt. 932,41247,north jayneland,co
Eden,Maximillian,66677748434428271659,5148 deshaun meadow,suite 674,27166,aylatown,vt
Erling,Ellsworth,,72949 wyman valley,suite 721,41462,shanahanton,mn
Marguerite,Johnathan,72647478424316582314,40437 elissa walks,suite 289,18861,south mylenebury,mn
Millie,Amani,53407188811357432743,,,,,
Cordell,Delilah,63341530432779774187,877 joel landing,apt. 119,80531,leannonton,tx
Floyd,Toney,,133 kris corners,apt. 662,53630,lake deon,ut
Julio,Ervin,37617227435263241609,850 gilberto ranch,apt. 720,16619,hauckhaven,ut
Bonnie,Jocelyn,14388543317747444652,79667 ceasar garden,apt. 622,12154,carmelfurt,wy
Elvis,Lenna,14455777372842761255,,,,,
Sunny,Cletus,10145521552746230765,46220 aniyah road,suite 610,34813,justonview,de
Destiney,Wilson,,191 jacobs mill,apt. 525,23631,port sallie,oh
Freddy,Sally,38054671934598967067,649 arvid spring,apt. 556,14846,annabellbury,oh
Sincere,Tyree,25045835161649311226,77158 pietro knoll,suite 859,21029,pacochaville,ut
Dylan,Shanna,11536413225685215221,976 steuber river,apt. 277,23124,south alexandrineborough,oh
Mario,Richard,,,,,,
Camylle,Haven,86449066566138275081,86962 alicia vista,apt. 940,50237,east alexa,ne
Aniya,Winona,22458821718494920822,380 koch plain,apt. 566,26415,lake reaganland,ar
Sallie,Laury,42861514701526485171,72266 stehr extensions,apt. 838,85550,south johnathanborough,tn
Edgar,Deven,,5645 earlene coves,apt. 744,50548,muhammadberg,wi
Estell,Harvey,34268632282866767982,,,,,
Marguerite,Micheal,31831710611036713100,4166 witting walk,suite 191,34177,bechtelarshire,wa
Celestine,Gino,89301843886312857436,7051 kenyon harbor,apt. 220,92822,cummeratabury,hi
Arjun,Toy,28461179283256435803,814 mable oval,suite 993,44083,efrainchester,tx
Dewitt,Madisen,,7453 kuhn flat,apt. 932,35939,klingville,nh
Elian,Carson,93874937325431230774,834 mayert radial,suite 298,23508,lake jasperfort,ar
Colin,Tyson,85641555627354036243,,,,,
Pearl,Bette,46052455054442131062,7505 gillian creek,apt. 677,83977,lincolnville,mt
Kenneth,Tracy,,323 boyle roads,suite 504,73432,lake zechariahburgh,or
Maximillia,Trystan,81617766618858772353,17672 reilly lakes,suite 282,51473,west gunnermouth,nv
Ressie,Rodolfo,57433838586295207769,5952 hammes mission,apt. 789,26332,blanchetown,ne
Emiliano,Noemy,42810376138145286113,8122 jaycee meadow,suite 311,14266,new orpha,hi
Janelle,Alda,70751252862153222461,,,,,
Koby,Kaley,,188 wilfredo lights,apt. 776,76728,runolfsdottirton,sc
Camilla,Maximilian,93946868026743742177,1485 hyatt lake,suite 588,90536,evangelinemouth,nc
Helga,Sid,59008745426727683945,1768 quitzon track,apt. 545,77448,aleenmouth,oh
Rosalyn,Noe,73968382725135135079,321 will road,apt. 506,32037,new korey,fl
Arielle,Sophie,13138874118233603261,229 freddy ports,apt. 468,99314,erdmanborough,ne
Nichole,Veda,,,,,,
Tyra,Porter,34881481881152277357,1934 rigoberto green,suite 904,75060,lake emeryshire,nc
Melany,Rossie,11543825562949985151,536 haag walks,suite 669,74535,winfieldshire,wi
Brendon,Forest,10887511755878658131,7669 funk point,apt. 650,83773,gislasonburgh,ks
Lily,Wilburn,,43274 scottie bypass,apt. 532,95544,prosaccoville,nm
Selmer,Tatyana,62166944226746504643,,,,,
Jerrod,Lacey,44964322367575746602,86323 helmer radial,apt. 246,75039,vandervorthaven,nc
Hulda,Lawson,38449154176132993703,271 thad lakes,apt. 643,37786,harveyburgh,nm
Bonnie,Joelle,36237478334796567217,66324 trantow crest,apt. 122,38417,adalinetown,az
Mario,Amya,,1733 jacobs mountain,suite 326,44829,antoneview,nc
Mathew,Roel,23489991212293338257,55779 mckenzie centers,suite 303,39255,south orin,id
Percival,Kennith,96816844467518308169,,,,,
Marcelino,German,44986213838576968762,408 naomi parks,apt. 405,23069,port gardner,ne
Louvenia,Twila,,5495 jakubowski fort,apt. 184,73987,port norafort,tx
Wellington,Tania,13718845714212245177,6535 rossie cape,apt. 406,71955,north hazle,il
Kamren,Rhea,25376115638677565385,379 hickle camp,suite 245,86979,port jeromy,hi
Lavada,Lupe,14855436163755273300,,,,,
Monserrat,Ryder,,573 earnest prairie,apt. 468,15929,katelynhaven,sd
Prudence,Hermina,17226075716816197479,39023 mayer course,apt. 749,29282,donnellyhaven,id
Violet,Camren,44784941826932498825,941 lera hill,apt. 319,33460,south jaycee,ks
Arnaldo,Marco,17549730591858394133,4949 rath key,apt. 556,72756,leslieberg,vt
Jamison,Cruz,66755253235130113553,4190 brionna fields,suite 697,58856,dooleyside,il
Steve,Fausto,,,,,,
Fatima,Floyd,14767685304580710483,193 koch street,apt. 230,49137,north jeffryshire,va
Raegan,Marjorie,16242123284418218851,81426 hartmann ramp,apt. 112,20424,south marley,vt
Florine,Sheila,43841682163818475474,95022 hartmann coves,suite 427,29563,leschstad,ak
Christopher,Rusty,,9241 katelyn walks,suite 470,30608,port betty,nj
Sabryna,George,15412750423358644086,,,,,
Kirsten,Elenor,39826184572894222151,38273 stark manor,suite 857,20570,abbiehaven,vt
Chauncey,Adrien,14328354256284894114,85035 heaney glen,apt. 435,39309,north chesley,me
Freddy,Heloise,53887793191788485453,143 tracey lodge,suite 582,26684,rolfsontown,nh
Logan,Brionna,,4987 della throughway,suite 343,93281,averyton,tn
Dereck,Cindy,89421504148711475802,55080 beier plain,suite 114,74946,erinstad,ks
Lulu,Glen,58903280102772465415,,,,,
Holden,Cindy,87228251554751390211,286 dell locks,apt. 481,25938,cassieton,ky
Damian,Jaquan,,206 abshire points,suite 750,21082,new deron,ct
Jarret,Lolita,80947924853802773337,8800 sawayn port,apt. 209,38376,lake daren,ga
Donny,Ophelia,89516947186678021342,280 grimes islands,suite 818,96699,brenttown,me
Maye,Edwin,22287588043488697879,,,,,
Filomena,Willard,36785387226974076477,434 efrain shoals,suite 288,45930,south sabryna,ny
Lauretta,Zechariah,,4696 dakota crossing,apt. 978,23804,south alfonzo,ne
Edmund,Hester,86597381767523860178,51224 rempel trace,apt. 538,64508,elnoraview,md
Wilma,Lamont,51329872375832417541,77157 ewald stravenue,suite 323,93781,mathiasfurt,ne
Johnnie,Alicia,68255722874426448602,739 orion crossing,suite 775,29033,jaclynview,ky
Xander,Neoma,,,,,,
Ardella,Jimmy,78222140423094951110,499 sabrina ridges,apt. 320,56724,leonorashire,nd
Alberta,Darion,17727752662912737388,28155 ole underpass,apt. 373,33167,krishaven,tn
Jane,Sterling,65287586474857514138,44078 abdul mount,apt. 996,63063,strosinside,ne
Dasia,Else,,59466 mohr light,apt. 723,32373,emanuelview,ks
Carson,Brendon,23514243888462465752,810 gutmann park,suite 687,97356,murphytown,md
Marshall,Shawna,88913181517750245534,,,,,
Keven,Oceane,75742325114342638167,94235 zemlak lane,apt. 821,52302,katelynfurt,va
Bryon,Helene,28554445887698548107,35952 elmo mall,suite 164,71448,caesarport,tn
Chyna,Michaela,,214 keebler inlet,suite 367,64755,arjunberg,wi
Adrian,Dovie,37570448211317883435,543 wyman hill,suite 600,30700,lake joshuahbury,ne
Lester,Seth,22572344054705233851,,,,,
Peyton,Muriel,55165276246857011717,40930 jocelyn drives,apt. 134,12356,lake elisefurt,vt
Mckenzie,Jayne,,37481 rodrick isle,apt. 827,14973,port sydneychester,ok
Lance,Braulio,00976104972547789125,55912 alfonzo station,suite 190,93441,meredithville,mn
Lafayette,Pedro,91684695181611532417,29821 stracke trail,suite 672,96358,north tyrese,or
Bernardo,Penelope,68284945001639086634,,,,,
Lauren,Judd,36488391159216405834,6902 miller lake,apt. 108,74290,dibbertport,oh
Kale,Taurean,,926 towne brook,suite 387,26093,binsstad,nv
Rigoberto,Ward,10262526306624659543,28138 camren islands,apt. 536,48181,roelhaven,nj
Stephen,Jan,69038914751140126734,6159 sydni flat,suite 566,41275,blockhaven,ga
Lilla,Lavern,38856172396858302819,383 moses springs,suite 887,81131,east roxanneview,mo
Marisa,Gertrude,,,,,,
Jaquan,Rupert,24622234176846437916,91085 kris plains,suite 930,13933,west kaleighmouth,ky
Gino,Jessie,71183556865077263047,9877 maxime summit,apt. 357,20712,misaelchester,ky
Tessie,Eleonore,62861414471271451338,4958 carroll forge,apt. 674,24038,new darioville,la
Izaiah,Maya,,79615 romaguera ports,apt. 499,22454,south jo,ms
Myrtie,Vidal,78252385511824852862,,,,,
Juwan,Johnson,56286625527257298168,29286 wunsch square,suite 295,33715,port dorthy,in
Bridgette,Edmund,85522584887482648445,6860 tillman avenue,suite 597,64858,east jany,de
Beaulah,Janae,,60112 price unions,suite 907,62411,lake rashawnbury,ks
Paxton,Zaria,05916496241535750454,18323 telly green,suite 278,81734,south evertchester,ky
Tatyana,Anika,75733238523764971362,27697 rohan coves,suite 868,40990,adeliafurt,in
Amelia,Jeramy,09713575331677150777,,,,,
Armand,Maverick,71615952421786301355,22916 jacobs forks,suite 242,14765,gwendolynview,va
Keven,Pasquale,,99790 roxanne shore,apt. 263,75459,lake cordiaton,mi
Mandy,Cali,15812684239586856232,1196 boyer road,suite 422,47376,east citlalli,ma
Syble,Joanny,72346555113196310747,60005 boyd spring,suite 204,68229,handburgh,mt
Candice,Macie,98667557275836748133,,,,,
Rebeka,Adam,,610 stiedemann harbors,suite 121,53580,port geoffrey,mo
Lonie,Oceane,82980524448512287047,521 marina stream,suite 839,31258,conntown,tx
Myah,Gideon,19343762253975607406,307 kshlerin curve,apt. 941,11512,west bert,ok
Brionna,Marcelle,44774497488614442132,898 jacobs cove,suite 814,62124,twilamouth,ut
Judah,Cheyanne,41255716117846597921,39065 dickinson forge,suite 227,91731,east belle,wy
Madelynn,Celia,,,,,,
Gerda,Gwendolyn,24773416632313648323,5881 dock haven,suite 145,33962,port laceyville,ne
Jonas,Clare,06882481303582451571,8088 percival turnpike,apt. 171,33291,rahsaanburgh,wv
Nia,Kailyn,68458978477872565154,2470 kuvalis heights,suite 249,15726,west leonie,ar
Stella,Liliana,,8234 glover greens,apt. 514,80955,port filibertotown,al
Cydney,Garfield,76762187451983822785,,,,,
Eugenia,Michele,29691141269377238396,5860 jaiden valleys,apt. 533,62328,garthshire,ok
Quinten,Naomi,47812333222148599228,4261 sean unions,suite 675,69469,josephineborough,ks
Arely,Anabel,53181983014565772502,378 winnifred plaza,suite 537,33387,east savanah,id
Shanelle,Cecil,,57273 lehner junctions,suite 505,30540,east hertaburgh,ne
Maryam,Gina,30565983628895748561,67790 fritsch lake,apt. 616,12069,rhiannaview,ca
Israel,Wilmer,96225968121270278210,,,,,
Jasper,Hudson,58683363236768262275,3183 prosacco mission,suite 415,43356,winonamouth,wy
Omer,Brendon,,96296 zander springs,apt. 837,93102,marilynehaven,sc
Giovanny,Randal,57011511812743293612,15149 gardner glen,suite 547,71902,west belle,ut
Danika,Ursula,92442103162360573596,6463 carleton street,suite 504,87272,darienburgh,ca
Furman,Marcella,32549857037031498678,,,,,
Keegan,Alan,60445818740480267711,616 weber freeway,suite 375,56733,south walter,fl
Jewel,Neoma,,37962 abbott knolls,apt. 647,43764,austenton,wa
Arjun,Ricardo,24694082858477652951,4641 andre loop,apt. 155,34962,south kayla,id
Fay,Conrad,66469272562746465383,19093 ruecker garden,apt. 907,52312,guyville,ok
Adolphus,Jordan,15364728335763484793,697 ruecker place,suite 523,96485,robertton,sd
Tyra,Korey,,,,,,
Bret,Jacky,89449758792467547397,67637 carol forges,suite 354,88766,south coopermouth,me
Frederick,Tiffany,14598612297352635745,2035 napoleon manors,suite 235,80635,jakubowskistad,ct
Adaline,Joel,30215821117363741229,741 pascale corner,suite 811,29867,west mandy,nd
Orland,Emmanuel,,8597 dane camp,suite 741,67784,lake alvera,ma
Kieran,Donna,76829885348086153078,,,,,
Lukas,Cheyanne,55521422286412011356,6716 tromp unions,suite 120,72472,lake rebecca,mt
Roslyn,Agnes,33087689874474058383,8182 henry vista,apt. 400,50642,botsfordland,nh
Giles,Lavina,78297412256063593812,1000 harvey knoll,suite 534,71543,lake darien,wa
Madyson,Domenica,,36827 mack forge,apt. 584,75375,skylaport,nh
Randal,Alda,54448532605357223255,36836 major hills,suite 532,59807,mcclurefort,ms
Americo,Rolando,11137109887191819573,,,,,
Ava,Enos,54523394724761763144,6559 hickle ramp,suite 604,91854,zoiemouth,sc
Kattie,Humberto,,301 oleta tunnel,suite 989,11484,eltastad,nv
Fernando,Marcelino,11162466364663543237,80147 yundt ports,suite 638,29176,walterland,wv
Sigmund,Virginia,57566373176322807201,9159 satterfield summit,suite 895,11262,north raquelshire,la
Caden,Jaeden,23452136544681454561,4277 katrine loaf,suite 483,17788,west nya,nh
Stone,Chyna,34229947583859742056,,,,,
Sibyl,Paula,,626 kathryne key,apt. 652,42956,new myrnafurt,ny
Henry,Gerhard,14438772070217356464,888 hahn centers,suite 761,18717,lake luther,wv
Kari,Reyes,13475876189368411372,7053 howell prairie,apt. 111,57484,new jessicaport,oh
Genevieve,Lou,37566766337579682846,496 carter point,suite 506,92306,arielleville,ne
Tiffany,Abelardo,69630261162253156323,95925 cathrine knoll,suite 404,75430,blairhaven,or
Cielo,Dolly,,,,,,
Linnea,Isabella,41810574203461153618,4429 rhoda club,suite 259,47654,jailynchester,mi
Franco,Cletus,41289819801594392292,296 vandervort hill,apt. 698,41162,east elmo,mo
Destini,Ardith,33243840121372744134,80225 kyla way,apt. 553,28109,aftonberg,md
Emanuel,Julia,,452 ebert streets,apt. 421,69385,gabriellabury,mo
Cyrus,Jarrett,11117777342316128161,,,,,
Rebecca,Immanuel,16611994137259861532,21500 rolfson roads,apt. 986,13232,south arjunside,il
Kyler,Kristin,12073627794663070726,539 cloyd forges,suite 275,79084,new litzy,sc
Kaci,Irving,,1396 ladarius ridge,apt. 987,49683,parisianview,ga
Devan,Savanah,19456884673145123093,41818 terry ridges,apt. 886,72827,north coleman,al
Eulah,Priscilla,16390988139896791186,,,,,
Henry,Jeanne,27396908347847542371,938 moen mountains,suite 822,41900,port cleora,ms
Mona,Curt,84688995226804648653,51562 purdy groves,suite 809,93573,chaimville,wv
Lyda,Elias,,2550 hadley manors,apt. 601,60708,east madysonmouth,sd
Heaven,Giles,63732956516754750453,165 koch groves,suite 194,77252,adamston,mi
Kitty,Marcellus,68123129258576653102,3219 rachelle forest,suite 574,78627,trudiestad,ms
Charlene,Yadira,23722289110381789506,,,,,
Nelson,Franco,,77555 reichel walk,apt. 196,39968,beahanmouth,ok
Kristian,Ibrahim,46288771438627863669,847 bailey vista,apt. 877,18645,west jermain,ak
Monte,Jan,07723870372768843136,540 kaycee run,suite 735,98377,new stephaniemouth,va
Cody,Lance,39184645833785685764,993 brekke stravenue,suite 238,74406,east myriam,wy
German,Bessie,,,,,,
Billie,Mariela,82484955140174625243,35999 barton brooks,suite 115,84922,west boris,hi
Kyla,Marie,17771733554228413728,1851 brenda estates,apt. 171,53049,north olafmouth,nd
Beth,Natalie,75054330662608912277,90304 keegan plain,apt. 194,89427,nienowland,il
Vanessa,Ben,16358940710177386880,982 peter dale,suite 835,94716,port consuelo,or
Janiya,Elissa,,598 sporer roads,apt. 152,83892,rheaport,ia
Kenya,Meggie,67532632403840330165,,,,,
Maxie,Tracey,81187135110952662779,19496 rohan route,suite 482,75127,neilburgh,ca
Martina,Francisca,19615440610513724153,71143 feil extension,apt. 839,44689,west karen,ia
Nadia,Roger,,553 von pass,apt. 190,78509,lake sandra,wv
Grayce,Elinor,76223033741943453761,2492 henriette harbors,suite 952,72810,lake rashadview,co
Axel,Gerhard,55417858543361554823,,,,,
Magnus,Kristy,61122174869537565723,645 heaney mission,suite 480,63265,south austyn,vt
Dean,Allen,,9935 eichmann run,suite 285,83345,south lauraview,ia
Shannon,Edd,21462838221453246838,53299 reymundo ramp,apt. 358,14970,ikebury,mt
Annamae,Nikki,57473829835416414847,9072 moises overpass,suite 541,18825,ratkeborough,sd
Hettie,Corine,31102615174597181829,1675 rocio mission,apt. 388,58428,jacobstown,wy
Karlee,Delilah,85411048537884147033,,,,,
Geoffrey,Vaughn,,5090 west walks,suite 824,98765,claudineburgh,or
Justice,Hortense,82467219849536256551,927 barton shoal,suite 826,54086,west leonelmouth,va
Kailey,Maggie,22404217942064271232,27814 justus corner,apt. 986,24870,rosinafort,de
Danial,Mariana,65279491468411827651,42160 brekke mall,suite 315,54510,lake dinastad,ak
Alivia,Cecilia,,,,,,
Savannah,Amina,86736163085190753282,53173 gutmann cape,suite 464,96972,west earnestine,va
Flossie,Bernhard,05665424823387619181,48308 effertz falls,suite 258,80593,ashlynnshire,mt
Raheem,Amelie,96416694359043470685,9054 carroll divide,suite 567,63786,west darian,ok
Vivien,Jana,,7243 brian court,apt. 146,12909,east carmella,ak
Leonard,Pat,86557775617267258088,,,,,
Baby,Colby,31112334128381393364,3571 angelita points,apt. 407,45544,timmothychester,wa
Madonna,Elisa,83964081364168338568,675 sabina loop,apt. 760,39884,pfeffershire,co
Camylle,Samara,82644161323874695873,3788 hane ways,apt. 972,62734,beierborough,ky
Guiseppe,Earlene,,806 shields terrace,apt. 850,50593,arimouth,mo
Ashleigh,Garrison,43795516482407437222,69819 durgan ridge,apt. 873,87747,east davidmouth,wi
Dedrick,Theodore,40838963914413687228,,,,,
Rubye,Rodrick,88609637346570249408,2449 king circle,apt. 197,94663,justonmouth,ak
Lavina,Elza,,2415 carli well,suite 961,48063,lake dixie,wv
Shyanne,Kirsten,31553253450001586476,47838 johnston courts,apt. 390,18615,south rahul,la
Aurelie,Lacy,37615850855160964462,5544 konopelski divide,apt. 616,86732,blairborough,ak
Ryley,Kianna,55329328503915663301,59068 veum stravenue,suite 793,11353,maevefurt,az
Erica,Aliya,95171747743374927651,,,,,
Nash,Odie,,58282 lebsack rest,apt. 772,84713,south mike,me
Rosalinda,Cali,89627781673836249575,1125 hessel course,suite 313,48029,jeraldfort,wy
Marianna,Mauricio,50130279684401480314,633 gunner skyway,apt. 499,99846,north richmondmouth,ny
Adrain,Heber,22889098768561656802,7874 lehner wall,suite 748,61666,lamontton,sd
Emil,Ephraim,,,,,,
Alaina,Edwin,57844514680982122574,796 huels stravenue,suite 292,13805,dustinton,va
Eldridge,Kaylin,33865461854536587371,74464 prohaska mountains,suite 315,63619,south lolitaside,ar
Clint,Melisa,41741410031143382174,96610 olson mission,suite 999,20285,port evieland,md
Earl,Esperanza,,35694 dawson court,apt. 894,99983,lucindafort,tx
Hildegard,Nakia,21548251227327412323,,,,,
Carmine,Marvin,22375757438065821345,151 barton highway,suite 700,87470,port braeden,ny
Rubye,Kelli,24975279360702523043,7071 sadye dam,suite 372,10021,susanstad,pa
Tatum,Clinton,82755552825290168630,364 alyson gateway,apt. 983,71782,north samson,wa
Orpha,Clark,,17859 murazik alley,suite 111,28303,west hayden,or
Aurelie,Alvah,90801736726413491609,83035 hyman unions,apt. 701,68850,lake briceton,ok
Maryse,Charles,11268075282550108475,,,,,
Kelvin,Grayce,68277520641623112131,89179 rebeca plaza,apt. 902,62202,bentown,az
Oswaldo,Leonora,,6019 tatyana shoals,apt. 812,34031,south carrollmouth,mi
Keven,Toni,69893576661583415436,200 green freeway,apt. 293,90019,south roymouth,tx
Mya,Demarcus,93888462648940151424,290 quigley mountain,apt. 382,26637,kozeychester,ky
Marjorie,Carson,67724555279956464383,8624 walter vista,suite 647,33327,lindafort,hi
Godfrey,Felipa,64488088883137337535,,,,,
Lamar,Lonnie,,1753 dare drive,suite 235,30343,abeshire,tn
Ayla,Greg,09581937944995026342,178 schiller plaza,apt. 140,32912,south ewell,wv
Gilbert,Jamie,86715377394497636782,464 muller springs,suite 657,36818,danikaland,ma
Rickey,Jerry,48334792415763632889,866 hintz loaf,apt. 159,35971,hahnmouth,hi
Taryn,Bridgette,,,,,,
Else,Wyman,17754842545878581815,44435 kunze ports,suite 141,35929,mabelton,ky
Kiara,Dedrick,93287870133913525000,16290 muller crossroad,suite 734,34533,queeniestad,il
Kacey,Roxanne,82673321423588535248,150 charlie fields,suite 644,73692,lake reynold,tn
Joesph,Berry,,2534 daron overpass,apt. 780,51948,west shanachester,ca
Durward,Liana,84280834324474683266,,,,,
Lew,Delfina,11517047616339368385,445 lexus via,suite 549,53695,lake abbey,ny
Shanna,Cletus,64780028986745685332,4456 fisher stream,apt. 305,86933,bauchport,sd
Aiden,Tiffany,,8832 dietrich haven,suite 587,12595,port zackary,ri
Magnus,Alexanne,73207130399288333597,932 swaniawski prairie,suite 866,11205,agustinashire,wi
Olen,June,81886711906989366523,67102 runolfsson heights,suite 803,71544,thielshire,ca
Jordyn,Orie,32515670822884752932,,,,,
Cassie,Davion,18327685888454887552,867 o'reilly parkways,apt. 897,87524,judahmouth,or
Jadyn,Muhammad,,8612 marjorie brook,apt. 967,90416,delphinehaven,ia
Constance,Darian,75522776048453248423,94749 elmer harbors,suite 834,83868,bauchborough,in
Melissa,Anastasia,78415525550174464978,394 celine inlet,apt. 988,66563,allisonberg,mi
Austen,Lesly,43665921414427637166,,,,,
Maxime,Sharon,,7293 schmeler gateway,suite 871,11527,tremblayport,tn
Travon,Raquel,29106642833762603399,143 oberbrunner loaf,suite 687,14050,new jaylin,md
Jakob,Elva,35449898844254833678,637 larson dam,suite 793,87204,port avatown,mi
Willie,Kristopher,49489290886975120877,519 carter ville,apt. 797,32581,brigittestad,sc
Hollis,Aubrey,88246739684070545813,596 arch estates,suite 107,39360,new jermainetown,wi
Darrel,Junior,,,,,,
Rosanna,Efrain,28857392326242918347,35818 brekke ports,apt. 998,15713,port leslyview,in
Esmeralda,Cleta,68382124895315550659,416 mckenzie prairie,apt. 505,39506,port biankamouth,oh
Tressa,Angelita,28055816432819776739,14302 lowell square,suite 732,36322,east brodyborough,ca
Amelie,Jazlyn,,38402 jaskolski corners,apt. 323,29921,new thaliafurt,wa
Tremaine,Reba,58992751508041508324,,,,,
Dana,Moriah,97121571242141234619,49748 diamond track,apt. 981,14299,new emmiechester,hi
Rebeca,Angie,42541035165704277162,5330 brekke cove,suite 608,33728,north kiarraberg,ne
Allene,Reina,,231 kiehn courts,suite 712,16507,mcglynnton,nc
Cade,Dannie,84426486811433572607,229 tamia harbors,apt. 144,49863,lake stefanieland,sc
Dashawn,Damien,08401580807552835758,,,,,
Marlin,Gabe,06660851507128233716,905 dagmar well,apt. 615,86523,reggieshire,ia
Brenna,Cierra,36624331695130060474,292 trey ridge,apt. 653,96499,o'keefeborough,sc
Sallie,Jeff,,52102 gutkowski harbors,suite 970,87267,port gia,nv
Stefanie,Freddy,58784765137322846228,4315 vada throughway,suite 988,55064,port stevie,nm
Tatum,Jordon,30788734352161749905,273 destin ports,suite 184,17400,new julianaton,nc
Elody,Ryder,79789664375750283308,,,,,
Dock,Sister,,344 malvina hills,suite 449,38877,feeneyberg,sd
Esperanza,Alexis,85386314053339317041,113 mcglynn gateway,apt. 383,13684,meaghanshire,in
Peggie,Amos,76061438183841842204,731 myrtle field,apt. 643,51294,hoegerfort,nj
Bulah,June,24832379298551734152,541 floy greens,apt. 144,68404,east malachi,ky
Graciela,Annette,06878181825464513257,633 kovacek cliffs,apt. 840,87452,east cameron,in
Peyton,Rachael,,,,,,
Greg,Cielo,94153482748034133588,9117 hartmann harbor,apt. 472,15259,romainefurt,la
Sofia,Lonnie,82266516225097664784,683 thalia trail,apt. 690,13595,port clarissa,id
Laurianne,Zola,68534364916756242312,329 smith street,suite 737,11677,east audiechester,wv
Domenick,Mabel,55755318498440328151,48382 hodkiewicz knoll,apt. 810,92213,north hilbert,mn
Leatha,Seth,,395 zboncak point,suite 388,36516,metamouth,ak
Paris,Beverly,34693622376184559552,,,,,
Clare,Filomena,63086185681486916065,6529 alvera ramp,apt. 897,75194,south orion,ri
Danielle,Linnea,94516612104257625985,527 lia pines,apt. 753,81932,east opalburgh,ut
Holly,Alexys,,128 bogisich roads,suite 749,64715,elishahaven,me
Maia,Nick,86245483664392773363,2025 kim locks,suite 307,98267,horacemouth,md
Sabina,Aiyana,84887163951418371978,,,,,
Jaclyn,Evans,67606218782170123765,8173 jacky shoal,suite 817,54210,cummeratatown,wa
Lee,Triston,,915 charlotte landing,apt. 135,46391,north garry,id
Delilah,Antwan,35378603354563115569,7991 myriam drive,apt. 270,72933,bergstromchester,nh
Citlalli,Mathias,44871743144569469783,9079 blake forges,apt. 708,76297,south floy,ma
Arlene,Cora,76788375325128324867,,,,,
Anahi,Declan,,4764 corrine station,apt. 376,67859,north brionnaside,ia
Wilfred,Tyson,46722285624416358751,1817 hollie lane,apt. 716,23097,port giovannimouth,ks
Stephany,Virgie,52416110111958307180,747 ruecker island,suite 587,51501,hilariostad,az
Giovanny,Kathlyn,65363877946237245915,103 mayert creek,suite 555,43639,nolanberg,ma
Candace,Danny,63536501613458432311,5218 christa view,suite 113,74442,thealand,wy
Lue,Reanna,,,,,,
Dalton,Ken,82487715781188431373,661 keebler village,suite 103,65444,west bransonport,va
Laverna,Allene,15515697432674261781,217 stokes ville,apt. 615,42267,north jessie,mt
Cicero,Pearlie,34153057429828243670,3636 bernier dale,suite 344,76095,port marlin,co
Jada,Rosetta,,1307 pollich circle,suite 693,67417,denesikfort,nh
Philip,Brenden,47849274326173223046,,,,,
Maximillia,Benjamin,83711144762460128609,69189 deckow wall,suite 770,13088,gleichnerberg,tn
Francesca,Kyleigh,31846717704228943053,4937 raphaelle knoll,suite 771,87897,west christinachester,tx
Briana,Colton,,74948 strosin walks,apt. 339,93664,mullerland,ak
Shaniya,Dorris,67667755161367506927,47471 konopelski springs,apt. 501,54778,north lexi,ia
Jammie,Cornell,46700648262567536357,,,,,
Rae,Claire,59730044388238595290,5719 charlene summit,suite 239,37191,julioburgh,ga
Molly,Carmen,57878612114643616263,922 leuschke mount,apt. 221,72359,lake johnnieberg,nv
Cade,Junius,,825 johns roads,suite 125,76125,east joshuahton,ms
Emelia,Claudie,72479053602171482554,564 boyd radial,apt. 269,18969,edythstad,nh
Cyril,Kian,91490254451727354865,298 stanton ports,apt. 229,48277,south vellaton,la
Edmund,Jaylon,32172018461870162289,,,,,
Lilyan,Sasha,,991 marvin road,apt. 677,24714,o'keefefort,ct
Rita,Milan,39714114949617741758,1275 clifford summit,suite 961,58666,port patbury,nc
Jettie,Darrell,27897779652151533821,1303 boehm path,apt. 826,11921,jerryshire,mi
Wyman,Catharine,01527744028779369636,344 dach islands,apt. 833,85628,friesenshire,al
Hilton,Robert,,,,,,
Eryn,Hillard,28847668528621090756,61747 irwin falls,apt. 215,90916,port gerard,sc
Houston,Zechariah,03698258645218678284,29686 kevon avenue,apt. 201,71228,west danial,oh
Sierra,Josue,26848767126556367345,41837 furman manors,apt. 654,89330,vanessabury,az
Alisa,Abdiel,56233105823354222736,163 cleora estate,apt. 602,57885,south hesterhaven,az
Jazmin,Tatyana,,590 haley stravenue,suite 728,45936,lake greysonhaven,hi
Phoebe,Nick,08618287288753125883,,,,,
Orie,Anya,62953734013811185891,44317 kelley pike,suite 245,30058,north savion,ar
Gregoria,Raina,93663832871062374538,35038 witting shores,suite 967,75810,east lafayettebury,in
Santino,German,,720 jacobs trail,apt. 859,74226,violettebury,co
Christa,Laury,05655974908165078313,391 schulist overpass,suite 347,47869,lake camron,co
Trenton,Lacey,52456917907244413688,,,,,
Micaela,D'angelo,75226547578316581329,685 jamaal creek,apt. 682,20767,kaliborough,ky
Marcel,Leonora,41441137446821437872,590 johns mountains,suite 870,43991,port matildaborough,ms
Jewel,Ava,,24533 kemmer ferry,suite 895,64514,south antwanside,oh
Evan,Viviane,81076875253393732933,4558 giovanny mount,apt. 915,39212,norvalborough,il
Hugh,Carolina,28336970078464458781,980 bergstrom well,suite 347,71424,victorport,wa
Twila,Immanuel,09696514989726827837,,,,,
Ian,Jack,,751 kiana mission,apt. 981,81296,new anabelside,ks
Hadley,Anibal,25984734441543816120,722 nitzsche springs,apt. 369,26055,port adolfside,al
Francesco,Joana,76576818127877770356,704 braeden lodge,apt. 544,35626,west justinaville,ut
Daniela,Kimberly,30453221893432298810,91157 kemmer flat,apt. 374,57156,hansenview,nm
Hobart,Madelyn,,,,,,
Madisyn,Cristina,71424575104887577086,1178 feeney walk,apt. 884,90552,kerlukestad,ne
Darlene,Carolyn,35504247890261533969,619 shields place,suite 746,29726,queenieberg,pa
Reba,Tiana,51870620275765246964,8357 gleason summit,apt. 327,78324,robertsshire,co
Ezequiel,Leta,,39529 lila isle,suite 607,51215,whiteview,nv
Demarcus,Darren,33498451303463782954,4033 sawayn port,apt. 840,67033,deckowfurt,va
Rosalind,Kaycee,53620834632379244035,,,,,
Devan,Chaz,40814604308562225288,233 aliza mall,apt. 868,30123,feliciaborough,oh
Pauline,Lamont,65855678128548450326,448 madilyn loaf,suite 429,35769,new josefinastad,oh
Oscar,Earl,,937 kuvalis parks,suite 943,62052,port mitchel,ca
Cierra,Marilou,62159291579388877121,30589 jammie mountain,apt. 991,69577,leolaton,tx
Leonora,Fred,78392177635756536712,,,,,
Derick,Hardy,66326649189547382333,61379 lesch rue,apt. 118,96252,jacobstown,pa
Matteo,Chase,,59326 maxine creek,apt. 793,57753,reichertfort,nc
Earl,Carli,78434029194635418166,2738 dane mall,suite 220,33458,port edgardomouth,la
Danielle,Lura,25274974106899668671,5339 aracely coves,apt. 999,79883,east opheliaborough,tn
Olga,Jerry,05619447203721655314,893 kristoffer turnpike,apt. 112,60472,new catalinahaven,il
Douglas,Melisa,85415476863673438430,,,,,
Maida,Margarette,,5663 rosenbaum brooks,suite 545,87966,yadiramouth,hi
Gracie,Abbie,51534065513563527295,769 noble roads,apt. 423,96287,lake citlalliport,al
Eliezer,Lafayette,72608369232057192634,44940 napoleon square,apt. 285,58730,laurianneville,hi
Alessandro,Wilbert,48773878285174754513,370 araceli cove,apt. 381,49185,wunschtown,or
Alivia,Joany,,,,,,
Hollie,Spencer,18736263825244282456,27673 lind squares,apt. 522,12768,waelchiside,nd
Lura,Lynn,64108578224071223642,1363 hyatt knolls,apt. 602,85212,port annette,de
Genevieve,Darby,63412669790475309234,7202 nedra port,apt. 653,83006,port herminio,az
Karina,Ryan,87843751553454889387,768 grimes station,suite 699,75180,lake lloyd,md
Ari,Elisha,,3405 bayer trail,suite 324,87660,wisozkville,ne
Chester,Name,42873032777187593647,,,,,
Enrico,Mac,25126540483119269762,19813 schuppe place,suite 276,32002,smithton,fl
Rafael,Amani,24361475352479975831,83894 o'kon gateway,suite 835,19413,south olinfurt,co
Elenora,Amiya,,74778 kihn locks,apt. 244,35687,port brad,tn
Meredith,Amber,58486212214214415231,7087 gottlieb port,suite 708,24685,schadenberg,ne
Angelo,Vincent,23448429267724587697,,,,,
Chesley,Colby,36852324766557572423,610 rhea valley,suite 232,78469,south haroldport,tx
Althea,Celia,85188102422152485251,5650 wisozk coves,suite 164,37192,blazemouth,ca
Darrel,Enrique,,507 schmidt unions,apt. 371,95579,fernport,md
Elta,Marlen,84832487384354332516,9039 graham mountain,suite 513,55753,lucindaport,wa
Franz,Ressie,45336124612814473282,528 kohler station,suite 922,41488,augustineport,ca
Chesley,Theron,16374214254587481138,,,,,
Nyasia,Jailyn,,62629 marquise forest,suite 345,98541,ernaville,me
Lexie,Dariana,87563124831552352195,691 stracke rapids,apt. 975,25022,south kyrafurt,fl
Icie,Bennie,67426673532712362216,2267 magnolia lodge,suite 545,27254,new isabella,ok
Stone,Mariam,88777427842694347351,29491 funk turnpike,suite 486,44252,south marlon,az
Zachery,Zakary,,,,,,
Adelbert,Mollie,11186839143462624658,8498 gusikowski ramp,apt. 459,64937,west briana,mi
Yasmin,Elyse,45467957234046371735,2993 d'amore manor,suite 252,95424,north franciscaport,pa
Leland,Alda,35311398897128880625,2657 mandy highway,apt. 932,66230,north alessandra,wa
Alan,Tyrique,12238483323856010853,47760 adeline park,apt. 798,78761,doramouth,or
Shaylee,Ardella,,277 pfannerstill skyway,suite 219,53761,new karlie,ct
Emmanuel,Taya,38480213161558182358,,,,,
Alana,Domenica,81210772284296670811,482 gertrude common,apt. 587,11265,cummingshaven,hi
Elissa,Edmund,56477337312184284200,7139 wolff divide,suite 992,35703,pagacfort,mi
Margret,Maya,,6542 myrtie keys,suite 536,68925,west chelseyton,al
Bert,Douglas,65502283847323000743,37283 kianna course,apt. 770,41403,harveytown,ct
Keely,Eveline,28218461024436518838,,,,,
Elmo,Jayden,55410797061483712286,4324 lavina roads,apt. 920,46325,toniberg,me
Cathy,Felton,16047352173440307465,20229 yasmine trail,apt. 587,63355,west stan,wy
Kara,Marcelle,,32721 batz villages,apt. 799,15118,west celestine,mn
Jessyca,Abe,78156427527688648177,60690 gutmann run,suite 265,36213,east ronmouth,sd
Roberta,Okey,26217128576052101245,7351 adams camp,suite 177,21646,east margieburgh,wv
Kyle,Collin,40860869269220652377,,,,,
Tyrel,Emerald,,318 santiago walks,apt. 162,94274,new jairotown,nv
Cynthia,Arely,21410030114381478921,936 bradtke corner,apt. 896,36599,okunevaland,or
Rowan,Gracie,81434924107979330871,859 evelyn turnpike,apt. 321,31209,jadeview,mi
Princess,Francisco,38702188417972867306,6638 earlene shoal,suite 565,95518,port xzavierburgh,il
Gregory,Hermann,,,,,,
Citlalli,Marlen,94847652110830074203,98543 deondre flat,apt. 371,10925,west beaulahfort,wv
Santino,Francesca,08261534812383437338,538 kenyon street,suite 214,43414,wainoville,ca
Gladyce,Lucinda,29243835532577688722,896 maggio ranch,apt. 843,29816,rosalindaport,nd
Monserrat,Haven,,11909 anderson valley,apt. 190,27682,presleyberg,al
Glenda,Julie,66855398979588128277,6016 theodore ranch,suite 463,19126,new leonardtown,co
Libbie,Pearl,24824245952412682986,,,,,
Sierra,Garrison,62090958468767168955,2310 abigail union,suite 757,55011,larissastad,nm
Darron,Jaclyn,57422474364454868997,103 shields plaza,suite 965,36930,quitzonport,wv
Louie,Reece,,2770 perry stream,apt. 122,12232,port amiraborough,hi
Nicholas,Filiberto,40823273065433278353,4359 estelle mill,suite 625,63694,east hughmouth,nj
Gavin,Jakob,10116252832735682714,,,,,
Sasha,Dudley,25458366341005753778,656 emery forest,apt. 981,47741,port philipmouth,il
Madelyn,Lazaro,,516 leila trace,apt. 683,94787,west amelie,ct
Christophe,Newton,66882849556862272241,78991 jordy path,apt. 158,11575,south kristopher,pa
Garnett,Torey,36458645458372612761,53493 grady flats,suite 696,29093,lake blakeshire,co
Melany,Felicia,30146426605476446865,595 don rapids,apt. 268,65270,port carolanne,ia
Brooklyn,Mose,24904259515676379032,,,,,
Faye,Vivien,,2021 raynor terrace,suite 179,31003,new melyssaborough,in
Baylee,Christop,26785230204586227146,1053 rolfson camp,apt. 754,32333,west philipton,ri
Hans,Claude,46777013755689761375,27893 bode mission,apt. 982,69159,south destineyville,il
Stanley,Cayla,97854223765357159210,86752 walter brook,suite 597,24683,port jaedenville,mi
Felipa,Miles,66630079835676113417,705 berniece bypass,apt. 628,16184,jennifermouth,ia
Abraham,Arvel,,,,,,
Curt,Dariana,91922339388525382531,17612 reichert junction,apt. 101,62785,new lenniemouth,wi
Hank,Addie,30370955994302084352,3557 frankie plains,suite 301,32831,north kyler,id
Telly,Hosea,13724899577843536249,9757 mohr shores,suite 780,51057,blandaton,ms
Athena,Zora,,3421 koss mills,apt. 937,13255,gorczanyport,mn
Hanna,Serena,17839798887442676466,,,,,
Ruben,Audreanne,94932817388737164762,704 coralie inlet,suite 737,40765,heathcoteland,tn
Herminio,Esther,11833213961511623234,57316 von station,apt. 117,51333,west briana,ms
Lorena,Rowland,,33692 annabell plain,apt. 938,19403,gracefort,al
Weston,Winona,95419088522820126523,9792 gia courts,suite 471,21139,bergnaumtown,ia
Era,Maxine,24636788416021302296,3649 ronaldo fork,apt. 456,77771,south cedrick,ca
Milo,Abdul,68913825830236871076,,,,,
Chauncey,Josiane,63339284668855182578,85372 purdy tunnel,apt. 792,61543,west josiane,il
Anderson,Imelda,,8635 sincere branch,apt. 342,27179,mayerbury,mn
Hayley,Micaela,85522068459305822318,62047 hodkiewicz gateway,suite 938,66792,new gilbertofort,ak
Trisha,Evert,58637723854717393368,9885 declan drives,suite 339,76972,lucioton,mn
Marietta,Lurline,10831464331815106372,,,,,
Gay,Nathen,,9536 dare green,suite 814,11036,east helenview,de
Marc,Marie,70762324881391321684,446 frami wall,suite 228,13356,gottliebfort,mt
Cathy,Jannie,31520818746831530080,50394 jaskolski ridges,suite 830,16224,new kamrenland,oh
Edmund,Ashton,65561135984427418273,99756 delbert highway,apt. 403,82119,west napoleon,sc
Yesenia,Roy,07124851651832757486,3956 anne island,apt. 759,63857,karinefort,ut
Rasheed,Hilma,,,,,,
Demarco,Donato,00566835356913230320,80721 goldner run,apt. 819,36241,new webster,nj
Tom,Maryam,35862989365258744167,38902 keshaun ridge,apt. 778,24369,jenkinschester,tn
Jamar,May,75158885277005623717,955 nienow canyon,suite 913,25472,north clairmouth,wi
Savion,Eli,,63060 pearline cliffs,suite 200,26585,new cloydview,az
Coby,Hanna,88338467879084765722,,,,,
Xavier,Estella,18448338536686164773,82751 scottie park,suite 123,41878,new koby,ut
Vesta,Jordane,23243647555417910822,619 bayer rapids,suite 544,61202,korbinfurt,wy
Irving,Yvonne,,26928 devan shoals,apt. 552,97748,south tillmanside,mo
Abdul,Robb,54676796846754337193,786 pouros highway,apt. 157,52784,reillyland,oh
Pattie,Jed,08854285103688828067,,,,,
Alycia,Einar,15467544699226242255,7816 fernando crossroad,suite 299,14767,issacstad,ca
Yvonne,Nathanael,32867486660956834157,78245 ryan parks,apt. 439,58450,east karitown,wi
Trenton,Christy,,2497 vandervort run,suite 151,54891,east enidport,tx
Sonia,Elisabeth,32841617187153152456,8043 doyle gardens,apt. 535,84704,port amyafurt,nj
Carmen,Trycia,33767659115342557108,1414 dorothy dam,apt. 992,36596,jacobschester,in
Alia,Josiah,86355575248483733529,,,,,
Malvina,Eldridge,,76446 kohler orchard,apt. 430,65000,new kathryne,az
Nikko,Evert,81265242794503136334,77674 blanda station,suite 229,20049,new corbin,ky
Aracely,Skye,59291478027375385631,55072 anna landing,apt. 109,77150,east willishaven,al
Kyra,Cedrick,67957645913901883855,497 kaycee curve,apt. 794,21228,lake malvinaland,ny
Brennan,Orion,,,,,,
Geo,Corbin,63972578864643911601,90309 hildegard throughway,apt. 850,44450,boyleport,de
Fabiola,Jonas,81244820517356763771,35214 ritchie port,suite 660,16220,port tarynfort,ms
Aracely,Gerard,32086679668689310369,761 goyette vista,apt. 237,21944,east gage,mo
Ocie,Maye,39226611246996363231,9124 wehner village,suite 172,40698,krystalview,ks
Thomas,Nona,,7609 lolita shore,apt. 416,13743,braxtonborough,ks
Angeline,Elmo,72359882174358614134,,,,,
Lester,Reyna,39557456542045861626,595 brendon path,suite 378,39676,towneton,ri
Terrance,Damian,07602172042171231777,275 stanton stravenue,suite 383,57814,rosenbaumborough,wy
Erick,Pedro,,3493 altenwerth wall,suite 283,16965,east else,de
Fernando,Emmet,63339567312211105676,77210 rudolph haven,suite 398,88095,north ernestine,id
Santos,Haylee,20876487083387829160,,,,,
Ian,Morgan,62754236341237117141,87977 dean circle,suite 225,44980,new mabelview,ny
Ulises,Rolando,,877 kunde shoal,apt. 912,27725,torreytown,ca
Rupert,Anne,47115581788798457163,985 angela crossroad,apt. 268,31408,lake amelia,ut
Ashley,Laurel,98636493716343373059,33153 margret points,apt. 333,60073,sadieland,mo
Clark,Osborne,76161217678495336937,144 scarlett roads,suite 686,11073,montyville,nm
Carley,Libby,66456651458641128622,,,,,
Ayden,Delfina,,19820 christiansen ranch,suite 536,68160,lake joshua,sc
Mason,Jaleel,53312528049839541256,21108 herzog passage,suite 317,15585,new enricomouth,ar
Walton,Wallace,65457710845788423178,1018 o'keefe centers,apt. 424,75277,abigailview,nc
Janelle,Josh,64872322014109150256,33656 barton island,apt. 575,53772,south diana,wi
Mona,Evangeline,,,,,,
Eldred,Vesta,28225132650228851202,14782 maverick trail,suite 519,15581,farrellborough,nv
Reymundo,Soledad,62738000505535585224,271 aron street,suite 268,24189,lake clinton,ut
Abelardo,Donnell,50724810448874284784,91573 mertz cliff,apt. 895,54382,south kirsten,mi
Augusta,Soledad,,85103 weissnat mountain,suite 395,82391,port audreanneberg,ak
Abdiel,Betty,59827004560880122358,39287 tillman greens,suite 242,95323,olsonside,ma
Wilhelm,Tad,03315244686344339476,,,,,
Jade,Shania,31258366636818469129,6952 alden villages,apt. 961,33671,new jarrell,wi
Agnes,Letitia,14780665997406217765,29652 barbara port,apt. 839,26138,south joshua,ut
Jeanie,Chris,,4035 mitchell vista,suite 773,45414,mcdermottview,ca
Linwood,Cameron,17206428674249536357,1006 darien walks,apt. 672,58137,port devonland,ks
Elsa,Dimitri,15061640334263948262,,,,,
Gennaro,Simone,13425476704276446100,155 brennan path,suite 930,66797,turcottefurt,ks
Flossie,Oda,,3362 melany bridge,apt. 967,40483,joeyland,mi
Elliott,Ted,78875667348361446021,310 javonte glen,suite 864,63021,considineport,mo
Cristina,Garth,04806028877426533710,6721 fadel squares,suite 861,68318,north america,ri
Ray,Ole,48402573143535833122,41578 bernier knolls,apt. 727,39462,aylinshire,ky
Ubaldo,Kennedi,26452234828121518738,,,,,
Braden,Meda,,5444 ed dale,suite 913,32035,new derick,az
Stacy,Cora,52815195827818833532,613 idell branch,suite 594,74818,lebsackmouth,ct
Kyler,Cynthia,24676524811614538033,1435 beier stravenue,suite 196,40371,darrellhaven,ms
Dock,Erin,33474064890745789959,9318 murphy union,suite 545,15263,schmittmouth,fl
Mathilde,Kaylee,,,,,,
Osvaldo,Johnny,93625032123237415081,982 o'hara circle,apt. 872,73991,port alanisside,ar
Joaquin,Pearline,16276359963916756559,8030 forrest village,suite 229,71814,rueckerfort,wa
Vita,George,46589321794432982655,528 kulas keys,apt. 749,33873,annabelbury,ga
Callie,Uriel,25175232413358205004,87466 harvey avenue,suite 244,32506,o'connerburgh,ca
Eliza,Ivory,,9804 gussie road,suite 779,26900,mathildehaven,ne
Stephanie,Madelyn,35797248999373660416,,,,,
Heath,Alexzander,80431445366545535338,3838 schmitt ways,apt. 283,87686,laurinemouth,ut
Elmer,Scotty,77742616628532178161,6485 chelsie pine,suite 299,55112,south calista,ny
Winifred,Clarissa,,9643 harris plaza,suite 238,56587,donatoton,mo
Otilia,Hobart,13215972446352886723,96996 bogan locks,apt. 739,65386,west percy,ut
Rico,Marta,65775611424330695521,,,,,
Ada,Ellis,23439940464075479348,885 schuster road,suite 888,72667,south liliana,mt
Perry,Lura,,83077 modesto plaza,apt. 825,79623,greenholtmouth,md
Norberto,Dustin,28690242558250333175,22952 alfonso ferry,apt. 682,73109,east sarah,or
Chanelle,Jaren,55185283455716825661,139 jake fork,suite 226,42920,deonteland,il
Frederique,Gage,43813820544877178491,,,,,
Carlo,Lemuel,,469 dora parkway,suite 934,91659,north nedra,ut
Sylvester,Jalen,88539352732784774407,757 arlie mall,apt. 724,14850,spinkaberg,az
Edwin,Deonte,78181532335520536373,221 lebsack mountains,suite 693,55469,west orloton,nd
Tyrese,Heber,22672115472748581944,6378 stiedemann underpass,apt. 920,39101,kuhicborough,in
Lauren,Herman,95918388673468274323,11744 langworth loaf,apt. 151,77553,north elliottmouth,de
Norris,Mallie,,,,,,
Alvah,Chasity,57112075862407252397,17377 vince tunnel,suite 984,37247,east coopershire,wa
Monserrat,Jeramie,49505189220688085161,7202 heidenreich mission,apt. 526,96113,lowebury,tx
Alfonzo,Murl,83594206171886561226,10986 daniel track,apt. 395,76710,henrietteview,or
Lexus,Dave,,5501 ashleigh tunnel,apt. 591,73658,south antonetteshire,tx
Leonel,Elise,27984142274401456746,,,,,
Rodolfo,Sally,30754261665374115431,593 erdman stream,apt. 186,62377,west aylinbury,mi
Efren,Dawson,08832788084467826384,9655 grady keys,suite 583,98043,sherwoodmouth,il
Dominic,Daphney,,81652 rosenbaum squares,suite 712,37403,clayside,ks
Fae,Winifred,95736327377567820464,846 ted oval,apt. 368,63089,lake cortney,vt
Cheyenne,Newell,85568132756524305467,97934 ashlee cape,apt. 145,24477,zemlakfort,oh
Lysanne,Friedrich,36424437716492274583,,,,,
Burnice,Leopold,86780469662917854964,980 taya crescent,apt. 831,58317,lake nathen,mt
Isidro,Emanuel,,71574 judson fields,apt. 437,46153,east celiaton,ia
Joanny,Keshawn,81618412426151973162,625 effertz walks,apt. 136,15894,lake weldon,ut
Nigel,Zoe,57367842322579871903,44575 hermann glen,apt. 208,37874,south laurineport,wy
Cassandra,Haylee,43343674737239664861,,,,,
Chadd,Kamryn,,65851 gutmann meadows,apt. 998,43959,giovannaberg,nc
Henri,Demarco,74623565638572038237,3586 stiedemann circle,apt. 433,84675,bettyeville,ms
Tabitha,Kristina,66962183741196277894,6727 maribel well,apt. 721,55458,weimanntown,ut
Phoebe,Nathanial,94229411824558275793,16953 cremin course,suite 941,67622,south martine,id
Norberto,Lesly,,,,,,
Anthony,Ida,05364466759288042143,10251 larue courts,apt. 945,36499,bartellville,va
Maynard,Kip,73335115137263117551,578 cassandre grove,suite 451,61447,east ivoryshire,az
Gustave,Althea,28368817271781535934,41456 jensen row,apt. 949,34820,west waylon,id
Delores,Josephine,,3096 bartoletti lights,suite 519,70548,south alaynamouth,il
Guillermo,Davin,96444947560995803228,41512 margarita manor,apt. 846,55090,kreigerburgh,la
Violet,Austen,38679215335687362976,,,,,
Merl,Fritz,75431672378266104978,2415 gino dam,apt. 660,25286,east arnoldshire,wv
Julius,Theresia,47886526185318495310,5926 thompson walks,suite 594,24800,reidhaven,wy
Rosella,Iliana,,1325 maudie spurs,suite 100,64881,north mablemouth,il
Adeline,Daphnee,87669523441338916405,4334 cassandre prairie,apt. 151,89350,sheashire,ri
Queenie,Lorenza,46688375621079315865,,,,,
Jessy,Bette,72656643111154205616,66663 hoppe plaza,apt. 534,42113,arvidburgh,or
Zoey,Bridie,,835 spinka neck,apt. 401,26269,lake karenton,ar
Mckayla,Lydia,09565366081121847287,3888 bode lodge,apt. 165,21783,ondrickastad,me
Jaime,Jessika,91606521434152835291,28038 leonie ramp,apt. 278,95274,aufderharview,wv
Tyshawn,Wyatt,16218232165733263341,,,,,
Myrtle,River,,52204 mueller rapid,apt. 949,27659,lake reinholdshire,me
Hallie,Tevin,91349442926184138426,50638 collier vista,apt. 637,23040,lake georgianna,nh
Joyce,Alex,62694681134726708305,76640 maiya station,apt. 937,72053,torpview,ar
Naomie,Orlo,55995196855460540355,44392 kevin run,apt. 570,63616,mckenzieland,wa
Lavina,Rowland,24438027671821631757,15079 junius mission,suite 599,73629,markston,ct
Rickie,Vesta,,,,,,
Diana,Icie,16172168621181280132,932 welch forge,suite 161,30316,east june,fl
Ruthe,Amparo,68922761622686226269,103 emerson light,apt. 717,37116,lake simeon,nh
Pink,Florian,28102466782076223030,158 wolf estate,suite 751,20892,franeckiland,mi
Sonia,Amie,,95995 josefina pines,apt. 456,87077,port johnny,ct
Deontae,Katlyn,55260752166661340712,,,,,
Alfredo,Scottie,83822961466774478725,329 amber island,suite 705,99504,ettieburgh,ky
Solon,Nicholaus,50641539881616627213,213 hank haven,suite 122,18088,isabellefort,de
Raymundo,Haley,57693556132989171161,7952 joanie radial,apt. 209,12502,westland,co
Rey,Kelvin,,96654 mohr island,apt. 939,76573,lake stacytown,nc
Reta,Khalil,18753221595353825703,153 lilly knoll,apt. 483,29549,hettiemouth,ia
Harrison,Kasey,00062909005638231593,,,,,
Abbigail,Arne,93835137425326512099,2323 cathrine summit,suite 195,33813,estrellamouth,me
Osbaldo,Rico,,13496 macejkovic garden,suite 122,91653,metzview,ky
Lonzo,Aubrey,74251333263533274743,97970 destany neck,apt. 507,57228,lake pattie,mn
Violet,Norbert,51124202146750572513,99621 hauck mountain,suite 638,84980,port daronton,ok
Elmer,Lenna,48655317845754439571,,,,,
Harry,Waldo,45526824723072438591,6958 pollich meadows,apt. 643,49328,mckenziebury,ri
Felipa,Karina,,19274 susanna club,suite 659,33450,leuschkechester,ne
Donato,Paula,78223021050626539047,9542 goyette field,suite 519,88075,lake hester,co
Ole,Adrianna,05464468277844524554,1302 anita ports,suite 456,11085,east raphaelle,nj
Amelia,Gail,63349088843045587231,5650 hahn divide,apt. 671,38267,jamelborough,co
Whitney,Nasir,,,,,,
Alivia,Gonzalo,35426428382361239115,14525 kim prairie,suite 887,97079,belleside,az
Cade,Antonina,43145514696896308714,39536 o'keefe ville,suite 573,98622,josuemouth,nv
Charlie,Lawson,62088387878858673578,1202 kip isle,apt. 678,92537,handbury,nd
Blaise,Ronny,,8738 javonte mountain,suite 298,31548,east orlando,ma
Anya,Augustine,71819812747539867330,,,,,
Olin,Linnie,80819063877054465317,15490 auer cliff,apt. 248,12679,carolinamouth,wy
Annabelle,Keagan,81996827578288315443,864 schinner underpass,suite 868,89823,port orionville,mn
Janet,Roger,31575718082841873642,440 arthur fall,apt. 449,53080,stephanyburgh,or
Rosemarie,Alysa,,5062 miller circle,suite 853,74948,lake shanelchester,ne
Regan,Deondre,48884262731347823561,29573 olin river,suite 926,36068,lake flaviofurt,ak
Nicklaus,Robbie,05974271528949272905,,,,,
Wallace,Roxanne,61560018841422415715,17634 blaze unions,apt. 415,12277,kristianside,sd
Elsie,Mae,,80392 gayle fork,suite 154,84631,lake aaron,sc
Jakob,Kaela,76606597365672258723,968 einar ridge,apt. 209,60036,new michael,ct
Jessica,Marisa,23470402289718641724,77095 schmidt islands,apt. 648,71115,west tyra,co
Arvel,Ora,86117491612447150943,,,,,
Domenic,Flavie,82169939683427326868,9559 bartoletti estates,apt. 470,66950,east alden,ny
Maybelle,Gennaro,,13877 eulalia corner,suite 826,17208,south devon,ky
Samanta,Leonardo,77269359436418795725,5021 wisoky circles,suite 445,54683,verdaberg,id
Arturo,Kirk,03679729642305939155,98546 rodriguez throughway,apt. 582,80834,north susanna,mo
Robert,Dewayne,26865022107716117323,9924 thea river,suite 410,73771,cortneyshire,nv
Cali,Jennyfer,,,,,,
Haskell,Lina,12770166235584598084,27319 graham ramp,suite 382,60282,tavaresfurt,wa
Anne,Luis,02140087877792984483,7219 labadie row,apt. 547,89970,north kaitlinshire,nv
Letha,Jennie,22236072590337455545,616 keyshawn mountains,suite 820,87762,rogahnfurt,al
Chyna,Linda,16232717843083777366,5661 boehm points,suite 308,72195,new jess,mn
Brielle,Maximo,,22519 hillary spur,apt. 889,78764,runolfssonmouth,nj
Leopold,Rogers,43155701881697888425,,,,,
Terrell,Louisa,12836228722643462847,349 orn light,suite 102,80928,north irving,ct
Alicia,Ivah,54705203323547188481,8383 nelda forks,apt. 450,71901,new ethelynmouth,nj
Loyce,Anthony,,2893 bella tunnel,suite 251,79639,cecilemouth,de
Ismael,Flossie,44526249021103095656,295 wyatt estates,apt. 691,65519,ondrickastad,ny
Mark,Jeffrey,84512536013515085173,,,,,
Santiago,Destini,91485643837783862714,6957 keebler dale,apt. 876,35209,lake dariana,pa
Douglas,Vicenta,,23255 laurine lakes,suite 129,32495,hollieburgh,ar
Jasmin,Margaretta,91593828591585130826,331 keven river,suite 475,97577,lake meredithshire,mo
Ignatius,Dameon,16833993488189558934,354 mcdermott run,suite 634,98602,port bradlybury,il
Sunny,Rossie,44859633322136305429,441 durgan prairie,suite 767,69313,shanieberg,ms
Allie,Eldridge,22267686851527311842,,,,,
Janessa,Wilber,,59548 felix falls,suite 877,10236,lake lillianville,ca
Nikolas,Travis,68121271360536280669,30544 eileen neck,apt. 348,25064,murraytown,ga
Colby,Jamil,49641590839555968736,45223 koepp path,apt. 885,99922,russelville,ny
Gay,Darrel,18252593334747842272,462 jovany plains,suite 774,64955,east brenden,ok
Jefferey,Jade,,,,,,
Edison,Leola,12156705084526623094,4389 hartmann extensions,suite 406,51470,north audreanneburgh,md
Carlos,Theresa,34260173521352459827,963 kohler motorway,apt. 352,83722,mayeshire,me
Roosevelt,Rex,41346568502216385627,2344 raynor wells,suite 228,15619,vivaside,sd
Wilfrid,Eli,58627451442571360995,4616 lloyd fords,suite 440,12733,lake larry,va
Mario,Gudrun,,193 rickie course,suite 106,94752,east rebekahland,mn
Nannie,Gennaro,05028377441696667012,,,,,
Aubrey,Cayla,06223283081952123624,840 jaylon tunnel,suite 501,17533,lake lois,wv
Okey,Tamara,67965161643522121454,978 teagan cliff,apt. 899,74733,jerdebury,ms
Terrence,Verna,,90402 rogahn tunnel,apt. 851,94252,port aglaeburgh,az
Terrill,Enrico,74450928669405427956,3398 bogisich avenue,suite 272,79475,port dortha,ri
Spencer,Laron,47861735626535456339,,,,,
Herman,Chauncey,82037584025475896716,403 ratke spur,apt. 600,18558,rutherfordfurt,mn
King,Luna,21288645425631460145,64346 darion field,apt. 271,47827,west daphne,hi
Beverly,Sean,,3080 dietrich ridges,suite 281,48120,zboncakbury,tx
Uriel,Jalen,85631826443445100857,3857 heidenreich skyway,apt. 187,33315,devonshire,ky
Meagan,Queen,55316787449337576758,562 darrell parks,suite 344,80244,vivabury,sc
Antonette,Jaylan,28168078418845416078,,,,,
Wade,Marilie,,840 destiney walks,apt. 389,12336,helenaberg,ok
Andrew,Laurel,60853665784443065134,398 eulah route,suite 593,89837,langworthborough,ar
Kaitlyn,Lulu,79806645745843886586,15444 keebler fall,apt. 408,76874,petraburgh,nd
Rachael,Gregory,07177363884788826518,798 timmothy neck,suite 645,63295,new aurelia,ks
Rubye,Jazmyn,88596214345877526933,9864 lorenzo view,suite 716,43287,loweland,ak
Zander,Rosina,,,,,,
Larry,Eugene,12019924467313280442,211 bednar knoll,suite 708,14539,west elody,de
Damien,Florian,42817227058767771292,707 marlee stream,apt. 764,16772,josianebury,ct
Payton,Lionel,20211028741618280678,979 cruickshank alley,apt. 472,65832,new alessandra,tx
Karelle,Ellsworth,,16234 linwood ville,suite 182,10703,flavieville,mn
Russ,Damion,45727731217982243380,,,,,
Hulda,Mackenzie,36437183745878544119,929 kuhn turnpike,suite 272,76365,gulgowskifurt,tn
Nikki,Francisco,55441227771421487761,920 green garden,apt. 409,16562,lake rhiannonburgh,ar
Ephraim,Kacey,,452 kertzmann plain,suite 746,29837,konopelskiton,or
Dayana,Ayana,24825193272319882775,4725 kaelyn brook,suite 909,88034,zboncakview,tx
Gussie,Vito,73897188158616514628,737 hilll land,apt. 644,67048,harveyland,al
Elinore,Amelia,86517238458309648281,,,,,
Bridie,Walter,24328651575762821081,89211 conn prairie,suite 956,31666,port lillie,fl
Weldon,Delta,,77116 norris summit,suite 387,38899,lake tristinfurt,az
Harold,Rory,42395147874836146250,451 francisca well,apt. 560,46977,port cordiechester,az
Gudrun,Katlyn,87948501685924110340,2080 cormier lights,apt. 664,76016,west tommie,ar
Cathy,Josefina,40387838569848988476,,,,,
Mariam,Quinten,,717 mervin street,apt. 861,27405,sipesside,md
Malika,Leopold,24855652128341264798,3352 laurence ways,suite 705,39661,north adrienne,co
Kenneth,Ebba,68284845538257288521,971 stark mews,apt. 425,69880,port maye,ga
Jaeden,Madge,74321725964362666257,9085 roman fords,suite 617,87304,north anjali,ca
Ransom,Easter,82747111711633767371,725 lawson via,apt. 499,70172,sengershire,mo
Ivory,Eriberto,,,,,,
Ophelia,Davonte,42412886821279436370,382 scot course,suite 110,94660,yundtfurt,ks
Xander,Remington,98433831772527805771,220 glenda ranch,apt. 553,31521,port duncanchester,tn
Furman,Ahmed,66823397362152742352,1529 torp shoals,apt. 600,23001,north tremayne,mi
Okey,Addie,,6137 glover brooks,suite 624,78552,west mathiasfurt,ma
Garret,Marcos,13744575845127725253,,,,,
Destany,Shyann,18368288366959503411,2416 juana creek,suite 693,24918,lake raven,nd
Felipe,Tia,53854443942561021243,24482 schaden plains,suite 938,68350,north alejandrinborough,ut
Orlo,Gerry,,4895 bechtelar branch,apt. 334,74830,fritschport,nd
Romaine,Whitney,51985552465660113116,2130 ben club,apt. 588,21837,americastad,ut
Gustave,Brain,18681608075444114364,,,,,
Oren,Emma,74775346875851464615,47760 madeline canyon,apt. 188,19108,port trycia,ms
Ewald,Reva,24483762688409484286,4446 lori landing,suite 944,50518,new kennethmouth,me
Chance,Bianka,,968 buford plain,apt. 799,97697,donnellyhaven,nv
Peyton,Keara,36350101041604734322,19877 stark vista,apt. 532,32138,north tyrellside,wa
Lisandro,Wava,41858616665622851581,87866 blaise lane,suite 761,49798,baileyberg,va
Mathias,Junius,13167307912775331426,,,,,
Elisha,Leola,,86075 dickens view,apt. 593,82707,port giovannaborough,wv
Hoyt,Malvina,65622132254287821215,493 d'amore parkways,suite 957,74306,grantland,ms
Maida,Keeley,56711069593334691168,2167 jamison street,suite 219,27733,russelburgh,nh
Dillon,Destany,26108818673906628366,5109 flavie glens,suite 958,26099,new sandyville,oh
Madelynn,Clark,75253266495513711122,5096 garrison ways,apt. 399,53855,feliciachester,mo
Krista,Patience,,,,,,
Arnoldo,Trace,16286710567616426624,6334 murazik tunnel,apt. 571,24242,west adanville,ma
Chaz,Estel,16361762255232849364,78637 grady wells,suite 420,35775,lake isacmouth,nh
Marisol,Leonard,43560217228251115876,999 lauryn summit,apt. 478,47185,wunschburgh,vt
Donnie,Ari,,5612 zachary view,apt. 542,59334,rafaeltown,ny
Lina,Marques,58350636146450555948,,,,,
Sammy,Grayce,18436872310146287761,3120 renner spur,apt. 157,98121,malcolmmouth,wy
Donna,Dedric,03288946167784301271,226 gabe ports,apt. 984,86915,port lizziemouth,nv
Clovis,Chloe,,7463 mcglynn corners,apt. 323,54287,lake paxtonborough,ms
Darwin,Hulda,36886086088402135421,224 runte fall,suite 143,88779,eichmannhaven,in
Reinhold,Johnpaul,87332962817661482678,62166 roy summit,suite 853,87078,lake afton,wv
Mellie,Bridget,01384347757379368149,,,,,
Marlen,Antonina,02514681673690283350,71595 zetta shores,apt. 685,45458,east bria,tx
Pamela,Isobel,,6888 maryjane plaza,suite 739,33915,new cooper,pa
Ivah,Shayna,15480924236188365305,403 o'keefe radial,suite 844,86556,south edgardo,id
Mathilde,Helena,27754726247908433555,81404 legros mount,suite 891,80922,east jade,ks
Alessandra,Seth,52723423431074761268,,,,,
Lisa,Rickie,,73125 smith fields,suite 378,62649,lake vickieside,mn
Dayana,Hailey,12048537202547664553,620 jacques station,apt. 846,56992,new richmond,pa
Camren,Chanelle,34187655490474717556,23269 barrows grove,suite 120,93188,port brant,ks
Lauriane,Alessandro,80452456270774546545,279 cruickshank mountains,apt. 872,82908,kossmouth,ne
Georgiana,Norberto,,,,,,
Erik,Virginie,64044616614308263928,88124 purdy mews,apt. 129,86538,okunevahaven,wa
Lisandro,Elena,70104240686817816277,28477 brekke squares,apt. 191,82856,port joanny,nj
Reba,Marcelle,87058362188823869694,8464 gorczany vista,apt. 701,38358,oraberg,az
Schuyler,Stephan,12741228749460943710,5484 angelina ford,apt. 893,96286,jalynbury,nj
Buster,Sabina,,5022 feeney rapids,suite 109,50887,lake jettie,ky
Sarah,Candice,45283669153267877284,,,,,
Roxane,Noelia,40856262557556157783,46231 gleason ville,apt. 102,67342,port bufordborough,hi
Evangeline,Talon,48748211123542557167,21299 weimann plain,apt. 153,58136,jeramiestad,ma
Maureen,Scottie,,17857 orn trail,suite 231,52174,bettechester,id
Trinity,Llewellyn,54828415865284677028,421 borer hills,apt. 946,52134,hahnbury,nm
Keaton,Solon,53104132614898556068,,,,,
Sylvan,Annabell,93316649446904655723,19225 kemmer dale,suite 623,98598,lake desireefurt,ar
Terry,Odie,,78856 joelle plains,suite 949,19291,lake hassanmouth,ia
Audra,Mariam,59723177414617586618,488 bauch dam,suite 676,86350,gulgowskiland,nc
Sid,Celestino,22903513024544374115,346 sarina ridge,suite 783,74640,new toreyburgh,ca
Abigale,Mason,24038278526372548804,9898 robin greens,suite 256,68152,south vaughn,mo
Arden,Weston,32228179434435274222,,,,,
Adrain,Connie,,874 beahan club,apt. 480,93012,leuschketown,me
Patience,Velda,13784922418114611411,863 rohan trace,apt. 152,25865,south busterville,ut
Alysha,Prince,12714051824766282124,4995 candido trafficway,suite 504,89306,ornfurt,ak
Krystina,Leann,16160373621813596452,48615 senger mission,apt. 307,87738,volkmanstad,al
Stella,Enrique,63545239351228716621,988 kautzer mount,apt. 579,83439,camilafort,mn
Zackery,Duane,,,,,,
German,Lester,89567688257966642046,1292 ottilie crossing,suite 376,38055,lake gennaromouth,wa
Eileen,Bryce,28664312481688288116,5920 schimmel plains,apt. 816,74800,east lavernestad,ut
Laurel,Don,63762430774171366829,8287 jenkins wells,suite 620,95059,noelchester,nj
Kayley,Jayda,,23595 johnston villages,apt. 448,51002,port henritown,ny
Annabel,Zora,18232506246810523808,,,,,
Ivy,Trevion,75236572631444193936,4987 lowe centers,suite 981,61003,new maynardton,sd
Aisha,Paolo,05314128653761821292,2296 keyon hollow,apt. 946,85576,beerstad,ky
Dane,Jany,,6144 white views,apt. 302,29847,danielhaven,ne
Zachery,Scot,71984277521245586588,4981 fadel branch,suite 323,10432,alishamouth,az
Alycia,Nelson,39273606738837804970,45049 stokes square,suite 769,33500,daughertymouth,ca
Colten,Kenna,55483947886523366121,,,,,
Emmalee,Kaia,05302875356168421410,1048 kareem wall,apt. 788,70020,west jayne,nh
Wilton,Hunter,,56077 ashlee walk,suite 457,50869,west alizechester,nv
Pat,Ryann,24910742345185515717,329 boyer tunnel,apt. 378,12340,fayberg,tn
Ivy,Zoila,73572125564548464511,710 fahey walk,suite 595,11196,east deangelo,ok
Peter,Eloise,22257552317939476868,,,,,
Lori,Neha,,7027 o'kon valley,apt. 819,88310,douglasfort,mt
Hellen,Rebekah,91502772761691023841,3934 rolando overpass,suite 425,64878,east waltershire,wa
Reece,Sheridan,84682696256698046872,873 cremin trail,apt. 736,18130,monahantown,sd
Norval,Theresa,65158636356922230323,83671 yazmin viaduct,suite 617,47053,durganville,oh
Kayla,Margarette,22198346583313841744,102 emmett terrace,suite 839,96794,geneport,wy
Paolo,Ted,,,,,,
Milan,Delfina,34871646827941575252,1959 nichole plain,apt. 186,67527,hildegardchester,wy
Elsa,Gillian,17574559283745696081,8872 bernhard cove,apt. 938,66876,south kris,sd
Gretchen,Virginia,70666478412228629807,7492 orn lights,apt. 268,53351,lake vernerfort,mi
Kara,Travis,,804 morissette parkways,apt. 965,67358,jedediahborough,wi
Gilberto,Bernadine,98366128336325530339,,,,,
Juliet,Anastacio,56583437346384333637,22979 rowe cape,apt. 865,95144,lake irving,ut
Andreane,Grayson,59552365860515293554,872 monica prairie,suite 135,41501,west merl,ct
Peter,Rosalia,,142 kub trail,apt. 904,61752,port walkerborough,ct
Brandon,Emmet,84527115414775774706,7734 simonis crossroad,suite 948,47071,new reannaberg,tx
Berenice,Javon,15359922697806443932,,,,,
Agustin,Paxton,39151481271102596154,2489 walsh ranch,suite 191,28779,gaylordfort,ga
Claudia,Henriette,66435572277732381204,64688 cremin inlet,apt. 535,69548,antoninabury,ks
Bryana,Orval,,50351 kuvalis camp,apt. 411,71360,donnamouth,wy
Jonathan,Bart,35976274041411133475,868 chanel route,suite 676,96333,east merritt,ne
Aimee,Clifton,08264734691481483344,520 viola tunnel,suite 770,43455,west nedramouth,hi
Brock,Antwon,87733831468020841852,,,,,
Marlin,Amari,,11264 prohaska spur,suite 877,78963,rociomouth,ut
Sigurd,Horace,96721384749251776385,8788 heathcote land,suite 708,33164,port coltenland,ct
Bradley,Christa,63103578522859476757,956 mariah flat,suite 331,96014,teaganfort,vt
Nat,Barton,34363718708141262755,30207 parisian ports,suite 795,38846,new keaganbury,tn
Nicholas,Damien,,,,,,
Emery,Kellie,17999571714249810775,8269 lesley views,suite 852,60309,east nicola,mt
Kaia,Chet,15426522985135118964,8354 wilderman squares,suite 699,53770,jadashire,ut
Julie,Susanna,88962956167154661622,6712 kerluke harbor,apt. 783,93961,east rebecafort,nj
Earnestine,Elaina,95628741424736387381,4434 purdy club,suite 220,16241,harberton,de
Adrien,Alexandria,,667 johnson junctions,suite 402,27632,gracielastad,de
Rodolfo,Jeanie,44888934255533338659,,,,,
Nora,Vince,10423717557560718827,618 gerhard village,apt. 619,87053,south connor,ms
Tara,Ola,72914438818587646469,6677 judy road,suite 792,76774,ismaelville,ak
Harry,Marcelo,,1575 cathryn point,suite 965,27547,nataliafort,oh
Dangelo,Norris,23223184322956335692,16886 sam junctions,suite 409,48890,runolfssonport,wi
Serenity,Jacky,74741183137186713548,,,,,
Fredrick,Ned,53756238522851256527,267 howell course,apt. 906,82910,lake theresaview,al
Sonya,Wade,,2506 cale dam,apt. 494,22081,annamaefurt,vt
Trenton,Lula,24584644118522155923,5318 ebert pass,suite 632,50236,west kelton,nc
Ahmed,Virgil,58895371262259537872,581 goodwin trafficway,apt. 875,10005,blandaland,ct
Maribel,Palma,77630156832476150887,,,,,
Cecelia,Mitchel,,50615 kirlin points,apt. 132,14940,lake johannton,wv
Ena,Margie,59738827571147776635,4544 mike crest,suite 995,55368,bernardmouth,or
Elenora,Soledad,41135041595519636135,1669 beahan field,apt. 349,84344,idellfort,mo
Jaeden,Austyn,06795220203249079221,5963 jarred orchard,apt. 276,30954,bechtelarview,ut
Forrest,Rose,42833317231887680418,89544 simonis walks,suite 252,99253,trompbury,ks
Uriel,Christian,,,,,,
Alden,Erich,33267797476684360339,8172 fritsch stream,suite 762,38422,south julianneland,ri
Henderson,Kristian,78856617157953062399,508 lind courts,apt. 815,70286,caseyfurt,ne
Chet,Ulises,21865812243735562780,2616 beahan fall,suite 282,21889,guychester,ut
Hassie,Margarette,,70918 hegmann extensions,suite 543,82240,binschester,nh
Rashawn,Augustus,92185358567184576151,,,,,
Adelle,Gus,41714783208974094802,382 walter islands,suite 609,55602,flaviofort,fl
Wendell,Leonard,27258035474678646463,8632 beahan dam,apt. 577,12501,robbmouth,ne
Ignacio,Jedediah,84433686354226372584,877 wisoky lodge,suite 983,18213,north meredithfurt,wi
Hunter,Sonny,,2046 lebsack village,suite 866,50683,stephonport,wa
Gino,Catherine,47351415522163541554,371 sporer fall,apt. 724,98185,east evie,mt
Reginald,Melvin,13812326659864683561,,,,,
Geo,Tiara,14848211554551481743,7175 ethelyn village,suite 966,30060,south sheridanfort,nc
Issac,Sven,,704 nyah passage,suite 101,58959,zboncakville,va
Constance,Ima,11024243647065686033,85931 kade view,suite 507,60935,north claudehaven,mo
Jerrold,Athena,07157363276277383403,6317 pierce inlet,suite 567,52578,new jeradville,il
Wyman,Michel,09842054671284820179,,,,,
Mozelle,Linnie,,9602 destiny knoll,apt. 765,17290,west tess,nc
Margarete,Eriberto,26442328511248481286,40185 donnie landing,suite 317,17514,tiffanymouth,nm
Eleonore,Sarina,28418204924278586790,53996 jacobi cliff,suite 437,29025,destiniview,ok
Henry,Kasandra,62585671567116220958,32740 rohan oval,apt. 485,67942,port zechariah,sd
Sibyl,Newton,52138617447831651452,9860 goldner unions,suite 364,74636,north annettamouth,tn
Katharina,Cameron,,,,,,
Eliezer,Mervin,42378663945791858211,971 aliza points,suite 235,85672,south eda,pa
Hazel,Kenneth,96476031546663876075,3991 liam trafficway,apt. 785,65591,port collin,ar
Prince,Matt,27276412208977655729,4625 kiel estate,suite 835,39652,port reed,il
Jena,Milan,,3695 rau island,apt. 556,64045,donnellyland,wa
Francesco,Marques,78859804102076781475,,,,,
Clementina,Rosario,72086444266550628172,894 blaise fords,apt. 296,77851,mooreland,md
Duane,Shaniya,17163159144661044264,5879 shanahan forest,apt. 765,79304,south axelmouth,ar
Westley,Rusty,,451 juanita landing,apt. 916,49442,port berta,wa
Tina,Oren,40650418870642443148,91079 wisozk plaza,suite 552,37897,north makenzie,ia
Donny,Kamron,46814566326782158020,,,,,
Winfield,Hellen,56759584710252165672,632 hudson glens,suite 470,47198,sipesville,la
Lillian,Stevie,55265421220171154383,61122 schulist pines,suite 192,92333,new frederiqueborough,nv
Eddie,Reva,,139 brakus street,suite 692,86829,north mireille,sc
Lowell,Taya,19657404594488606484,1247 roob cape,apt. 220,31873,kadeview,ma
Tyrel,Bertram,86315628636459344886,92576 alejandrin mountains,apt. 861,64610,bernhardfurt,co
Joshua,Franco,06959968475107223228,,,,,
Kyler,Laurie,,8317 macy plaza,apt. 510,52940,adanville,tx
Pietro,Morgan,54111551671388815675,853 wehner mill,apt. 555,75111,west kimberlyfurt,mo
Eliane,Cristal,68521173452125585642,178 jaylon fields,apt. 887,29632,silasburgh,co
Meredith,Ellsworth,39478176628007571114,8510 rau inlet,suite 446,57140,farrellfort,nd
Declan,Jaleel,,,,,,
Randi,Alanis,48554795787220288957,28846 vonrueden wells,suite 123,19418,rueckerhaven,pa
Jed,Joey,39525625036538683386,848 quincy flats,apt. 462,21355,o'connellview,ks
Kayden,Kareem,14715615579224595627,555 brekke lock,suite 383,26697,new ebba,vt
Mariano,Jermey,29107826021605862254,18620 sedrick port,suite 584,91045,south kristian,ri
Enrique,Idella,,38076 mann trail,apt. 998,15098,konopelskichester,ri
Dolores,Zachariah,65436707940503769956,,,,,
Elinor,Dina,95529537269374616611,9622 botsford field,suite 807,74542,east marcelle,mt
Rae,Melissa,34763881551351244695,6823 retha glen,apt. 832,11803,rippinstad,ga
Lacey,Kelton,63617075957465480655,22892 nicolas court,apt. 885,51499,lelandstad,pa
Carlie,Lexus,,6226 bahringer loop,suite 312,28862,south maybelle,tn
Sallie,Katheryn,51411799424535815166,290 noemie wall,suite 980,52059,north margotstad,fl
Keegan,Jimmie,32246845339518542053,,,,,
Macey,Jeffrey,25767374284584628735,69404 o'connell station,suite 511,15287,wunschfurt,mn
Fatima,Wyatt,,5662 schiller greens,suite 758,79396,enochbury,ne
Emil,Lilly,35465855152897167227,46766 gerlach mill,suite 974,79421,bethelport,oh
Eve,Ricardo,94188768659520177502,128 theodora tunnel,apt. 186,76328,west herbert,il
Aliyah,Edgardo,18750116646130283424,,,,,
Juliana,Alayna,,866 jessica shoal,apt. 434,99433,south jadenstad,mn
Vladimir,Anya,21110045522637544875,827 reichel village,suite 527,92859,east garrison,ak
George,Velva,36298018595055564808,361 brice square,apt. 907,30426,doraburgh,wv
Ayden,Oceane,35486215849791288028,9120 crist glen,suite 300,13728,kacieshire,fl
Winona,Bernadette,,,,,,
Colt,Foster,45718517812902142423,32349 ryley mews,suite 136,79928,south precious,nc
Hilma,Marley,62912234268445355161,1636 walsh view,suite 842,62121,east micah,ar
Ronaldo,Darren,42545787273635786116,5221 bins shore,suite 715,71105,north floridafort,in
Ariane,Mikel,29447491794282466463,124 jevon station,apt. 628,26216,hackettborough,md
Adriana,Earline,,99045 stokes lodge,apt. 599,38684,lake edgarchester,ny
Estevan,Kaleb,56459770497589053624,,,,,
Trystan,Elenora,53488458285757124397,4182 denesik valley,suite 578,92576,handburgh,il
Lilla,Reanna,62615912784728653873,40656 goodwin lakes,suite 117,59896,kutchside,ne
Jadyn,Marley,,75974 keebler row,apt. 556,19902,new josh,tx
Jovani,Wellington,58525196117021775842,435 reichert cove,apt. 644,77039,fritschmouth,nm
Fannie,Elva,55845160326361687052,,,,,
Pinkie,Reba,23114611555967534118,2071 richard motorway,suite 299,61890,macejkovictown,mn
Boyd,Beverly,,6752 johan crossroad,apt. 188,55373,kingfort,fl
Mozelle,Chris,38288773205718742184,65717 reynolds glens,suite 746,81249,alessiaborough,ar
Nayeli,Fleta,13316282524204502664,8801 tromp circles,apt. 252,93147,bergefort,hi
Jameson,Cordie,25086269276885857815,206 beahan passage,suite 895,66867,danielchester,ar
Crystel,Sonny,33864142691515140875,,,,,
Moses,Doris,,740 grimes road,apt. 439,21804,durwardfort,ar
Kyler,Dolly,16612472955304398679,870 noemi fords,apt. 177,83755,odiemouth,fl
Parker,Denis,65673163130271673601,428 simone extensions,suite 806,76302,elissatown,mo
Mara,Filiberto,31424101616943659357,259 blanda ports,suite 803,95545,ryleymouth,sd
Laury,Gustave,,,,,,
Russell,Meagan,23951520074834284473,12359 medhurst avenue,apt. 746,15482,greenfelderstad,sc
Virginia,Sheridan,35482232374763781185,840 frances shores,suite 386,12963,bergeland,wi
Dane,Claude,46871515030727938191,1900 schroeder wall,apt. 940,11922,alicetown,tn
Chase,Remington,,2550 carter green,apt. 400,24738,websterport,wa
Mary,Osbaldo,82865367240283787168,,,,,
Edgardo,Toby,36404641733234746671,74192 winfield motorway,apt. 891,52268,port zeldaton,ga
Kali,Amani,62469314534436054572,7740 dominique fall,apt. 268,35755,south maureen,de
Dallas,Octavia,86668111264427362322,25005 cremin mall,apt. 909,43810,lake laurianechester,ia
Greyson,Serena,,2512 kelsi island,apt. 130,31599,lake jacynthe,az
Vince,Richie,44228118832145781472,35448 rickey club,apt. 229,63600,domenicachester,in
Ebony,Shyann,22793934764716077471,,,,,
Stephania,Arlo,51921118626134244135,603 spencer ports,suite 531,46651,south fayeshire,co
Raegan,Serena,,90998 yundt coves,apt. 966,22808,parisianland,vt
May,Afton,16407501752687095446,2697 reilly parkways,suite 515,85055,new ciaraborough,pa
Shakira,Francisco,68565586692773954878,39481 lemke freeway,suite 321,32537,west annetta,wv
Ryan,Juston,04336552575818615372,819 lelah parkways,suite 768,43306,south shana,ok
Hilbert,Elyssa,31333745144880645453,,,,,
Loyce,Jamarcus,,9602 marshall vista,apt. 967,55105,vicentaborough,me
Flossie,Virginia,03688368161751345532,663 hills inlet,suite 499,15926,new dortha,al
Jaylin,Kurtis,36497059118867646051,3673 reichert path,suite 704,75299,wisozkside,ok
Gus,Alexys,76123636771221410641,285 gabriella rue,apt. 280,35494,hamillberg,co
Scot,Hassan,,,,,,
Janet,Eveline,53272564179427877106,4171 jaydon tunnel,apt. 731,61195,emelytown,wv
Van,Lavern,94347484921451484757,21433 demarco freeway,apt. 397,29687,north maybell,ri
Freeda,Maverick,24571838823238266108,7917 hartmann meadow,suite 658,59961,port nicolasberg,in
Forrest,Duane,71775449690542881514,568 tatyana loaf,suite 348,43678,raushire,ri
Lucienne,Skyla,,9292 frederique mountain,apt. 936,15038,new anna,tn
Aliza,Matilda,18217173839021324139,,,,,
Adonis,Wiley,17677630271463571262,916 ashlee courts,suite 465,24747,arianeville,al
Delfina,Sandra,24813711586467621397,3773 lonny rapid,apt. 120,58674,peggiemouth,ut
Juston,Myrtie,,252 ondricka knolls,apt. 456,78286,binsburgh,or
Zack,Luis,68366137855866678907,97506 samson camp,suite 718,14516,south itzel,ia
Elbert,Robyn,84214817113627127838,,,,,
Helga,Lela,55428491602378555914,36349 amir pass,suite 573,32507,greenfelderfurt,tx
Gerald,Luna,,103 daniel roads,suite 799,44435,west kolby,ks
Aric,Yvette,67823835417822564498,2404 friesen bridge,suite 912,92095,east aydenfurt,ia
Marguerite,Wilber,94559963344329788145,50427 schuster drive,apt. 190,45659,merlchester,me
Everette,Hobart,97523883545742573123,,,,,
Caden,Katheryn,,376 robel inlet,apt. 651,99192,santiagoview,me
Sydney,Savanna,20353976574577626422,1243 fahey ports,suite 667,84433,mathewborough,sd
Harmon,Elna,02188235341785127612,7733 nienow circle,suite 176,55485,new jon,tx
Arturo,Oswald,72298193757822455111,15669 keebler harbor,apt. 340,28644,new santiagomouth,va
Anya,Shanie,87167555945412153923,76547 jensen mount,apt. 209,35316,christelleview,id
Amara,Zechariah,,,,,,
Kip,Chanelle,60223183783933695275,12546 garret estates,apt. 832,54187,north wayneville,mt
Wilson,Emmet,69886523111195884809,74191 gutmann place,suite 377,89295,port enidview,ca
Freda,Minerva,26256536472265670840,4337 johnston mission,apt. 289,24399,hellermouth,ct
Emory,Albert,,290 quinten tunnel,suite 391,50032,lake addiefort,in
Evangeline,Jennyfer,21742142407248195218,1995 lane ridge,apt. 356,93272,new hollie,fl
Ramon,Broderick,91864917788927923190,,,,,
Melvin,Patrick,26851721569366884453,54480 greenholt views,apt. 866,27274,carytown,nd
Brannon,Blake,64344962726757369722,4677 walsh points,apt. 956,81163,murrayfurt,ny
Mariana,Raegan,,213 rodolfo hills,suite 390,80764,bartellchester,ky
Keith,Alexanne,42645872642626694086,3779 erik hills,suite 738,70512,north donnie,pa
Sallie,Kaylah,67631074497119037559,,,,,
Annetta,Luciano,85880284543613156313,9234 powlowski greens,suite 397,99183,west jody,ks
Bryon,Bernadette,,1949 cynthia summit,apt. 798,24274,west savannaton,vt
Precious,Hershel,22444052494551597476,843 jenkins villages,suite 180,68793,ryanstad,ks
Samara,Mitchel,35458126372533217887,682 vincenzo fort,suite 454,17136,macgyverhaven,md
Clyde,Helena,15924664178827866312,,,,,
Christa,Cyrus,,20069 giovanni summit,suite 151,64589,port duncan,me
Eva,Dewayne,44837552737765225272,118 monica brook,suite 329,99425,torphybury,nh
Rocio,Rickey,14716851665838737420,6312 alanis camp,apt. 855,52391,east gabriellaborough,va
Palma,Jesse,58865952803454621216,4995 nelda trail,suite 827,50323,west idella,wa
Johanna,Louie,66775369339428044565,145 ramona court,apt. 249,20456,jaylinstad,nj
Narciso,Beverly,,,,,,
Daphne,Ignacio,68528464591743486210,2203 von dam,apt. 444,49608,lake raymundo,az
Toy,Rosetta,83683513271555121118,4037 salma shoals,apt. 568,24958,gibsonberg,sc
Hattie,Kevon,64917889614146978118,238 eileen coves,apt. 915,31633,tonyberg,tn
Rhett,Narciso,,838 carroll loop,apt. 314,94365,sharonshire,az
Mariah,Tavares,51281327514534357170,,,,,
Wendy,Anthony,11351343440345156143,109 swaniawski village,suite 901,40283,east diana,ms
Rosamond,Leann,52432494282108232541,1746 jacinto grove,suite 856,46883,lunabury,ne
Precious,Greg,55784087899398614015,258 prohaska grove,apt. 292,22360,jacobishire,oh
Althea,Lonnie,,768 joel motorway,suite 919,99984,north wernermouth,tx
Larry,Davion,12006551574848780412,36429 aniya streets,suite 457,13304,brakusview,va
Lionel,Evie,65530361907433576076,,,,,
Doris,Velda,53362976697550818881,3430 edwardo vista,suite 803,73574,lueside,sd
Abbey,Florian,,63158 pierce square,suite 177,32642,berneicemouth,ky
Libbie,Gerry,23414783488517518502,33131 lolita ports,suite 961,51312,new kennith,wy
Macey,April,11878175645473527625,40180 jacobi lodge,suite 733,94192,maxinemouth,sc
Gerry,Rogers,89895546935637294119,,,,,
Judy,Hayden,87494583528254313882,8762 vonrueden plains,apt. 538,24058,raymondmouth,co
Hillard,Keshaun,,2618 kuphal groves,apt. 904,74955,abbottfort,in
Hailie,Delilah,44819853192860432633,82982 kiana land,suite 813,83950,port pinkiefurt,ut
Jalyn,Marie,17498338566684615794,4317 jast circle,suite 279,54912,lake joesph,me
Alexandra,Dee,59116889515885458773,491 haleigh drives,apt. 133,39449,east patricia,mn
Emery,Sadie,,,,,,
Westley,Betsy,63453507435252728862,1647 moises brooks,apt. 761,67839,laneyton,nc
Eunice,Robb,73809477448527395524,90040 kelley common,apt. 175,90104,concepcionside,ma
Frankie,Santa,46841105124939385261,4455 bud bridge,apt. 923,66984,west loraview,ga
Julia,Marvin,71663089486817217640,3892 jean passage,apt. 502,19667,port milford,nj
Sharon,Amaya,,9494 evans hill,apt. 595,64133,new jaydaton,wa
Merle,Onie,58518344471242176142,,,,,
Christ,Chance,83798615586255399751,1303 marie mountain,suite 722,44236,lake dannieberg,mi
Zita,Freda,84331177338738649352,345 juvenal villages,apt. 996,41113,port aaliyahport,co
Albertha,Cornelius,,308 becker knolls,suite 357,78388,leschside,ne
Horacio,Timmothy,54417166651791504072,986 lois extensions,apt. 841,87050,framiborough,de
Kaitlin,Myles,88226476849510671797,,,,,
Ivory,Furman,42436382461887090811,11554 brooklyn forges,apt. 890,92644,madisonbury,ga
Natalie,Mohammad,21582260668525488972,5969 myah island,apt. 467,83032,lake ana,or
D'angelo,Emilia,,85894 wilkinson course,suite 824,38461,rachelview,ok
Rosalia,Damien,96378412211141341206,54863 guy freeway,suite 791,61678,north rosetta,ri
Judy,Monique,88394833456461407782,8425 shawna stravenue,suite 831,66515,hermanville,de
Richie,Karen,61932204113843165825,,,,,
Aiden,Dorothy,,539 mathew isle,apt. 410,33810,hamillmouth,ks
Isidro,Carlotta,51113744258253804653,692 janie wells,apt. 861,93075,hackettborough,ut
Dino,Russell,38573667484510333761,32199 medhurst throughway,suite 365,14784,pagacmouth,nv
Donavon,Jessica,59534773695561974244,28568 carter course,apt. 449,47923,south treverborough,md
Clark,Eliseo,,,,,,
Ceasar,Vanessa,45442524743728123581,3410 nicolas wall,apt. 400,37447,west makaylaport,nc
Jackson,Niko,65477626870457650532,3890 guadalupe extension,suite 967,85187,south mackfort,la
Pablo,Trudie,17825439344550827074,3840 legros union,apt. 150,82510,jakubowskiton,mt
Linnie,Alicia,,796 mckenzie mountain,suite 186,89933,new peyton,nd
Mohammad,Elisa,75573720677977577583,,,,,
Cynthia,Destin,81766681046476425351,88542 asia cape,apt. 338,77778,thielville,nm
Salvador,Dolly,12023379591118266476,88638 hertha lock,apt. 140,35755,schmittton,oh
Jaunita,Christopher,21841154495440664139,53123 janessa unions,suite 653,51516,lake devan,wy
Kian,Dylan,,964 dylan stravenue,suite 722,93169,east myrtice,ok
Tatyana,Alba,52335237556544582871,40564 colby skyway,suite 666,30517,annamarieside,nd
Angelita,Cassidy,48578457909452024928,,,,,
Olin,Lilla,28848585306142856403,6087 alf pine,suite 628,73201,lake agustinamouth,in
Laurel,Abbey,,58212 dietrich radial,apt. 868,84516,garrettchester,or
Kacey,German,22434910842367773948,336 mcglynn valley,apt. 910,71091,archibaldshire,nm
Hazel,Stanford,81561164618855267778,7785 jacobson mountains,apt. 816,22470,port randy,co
Arthur,Lizeth,99725421655195321245,,,,,
Lucie,Layla,,84686 christ pass,suite 947,67492,lake bradford,ny
Colten,Mandy,45896655716210352578,524 ericka wall,suite 831,65865,jacksonport,co
Lulu,Dolly,27063650636758847579,5870 smitham mills,suite 688,48129,cummeratashire,ia
Ozella,Ana,28845014291513380893,66977 darion fort,suite 471,78594,estherborough,nj
Susie,Narciso,66828969358625782015,723 jaquan valley,suite 202,77638,port shad,ak
Ocie,Flavio,,,,,,
Ian,Baylee,16446917166511413817,547 price underpass,apt. 668,67918,port eldredshire,ca
Chaz,Lee,82412191763289413226,47231 emily lakes,suite 272,13679,klingborough,ky
Elwyn,Wilma,88353567011282869238,24737 schmidt well,suite 464,30644,north robyn,md
Noe,Elvie,,58561 hudson light,suite 710,83709,hammestown,ct
Kayden,Jared,26578696457141433329,,,,,
Gail,Freda,58817244815342160825,635 jakubowski courts,apt. 138,53596,willachester,ne
Penelope,Blaise,11693026334713655715,747 ariel flats,suite 953,90776,north tyshawnmouth,az
Alejandrin,Cleora,66149852273568174583,6121 marvin radial,apt. 907,26695,bruenbury,in
Nola,Toby,,9643 haskell expressway,suite 371,74142,north lucienne,wy
Wilburn,Whitney,75742175831538120817,541 eveline mews,suite 697,56440,wunschmouth,ma
Russ,Earnest,60164815797186829324,,,,,
Rolando,Tiara,54372317581022765632,9204 nicolas walk,apt. 339,47654,elsaland,nh
Libbie,Leatha,,14953 cielo station,suite 990,41240,uriahburgh,tx
Keira,Myriam,67977181642516185262,13237 haskell land,apt. 825,23534,wymanfort,id
Madaline,Alessandra,55859415937331675547,589 taurean crossing,suite 381,79586,ashleefurt,co
Samanta,Fritz,33281649486811297531,,,,,
Damaris,Casimer,,662 aidan via,apt. 886,43143,south filibertoton,al
Katherine,Kylee,34585852044207230592,973 quitzon summit,suite 825,11285,port carmel,nd
Prince,Vern,97169182742841111363,1821 sporer spurs,apt. 525,18967,schinnerport,wv
Chloe,Albert,16862788149762552618,52195 humberto manors,apt. 287,31292,north marlonfort,ri
Josephine,Rhoda,33828474963829425666,61483 reichel gateway,apt. 322,37824,north elizabeth,wy
Oswald,Raoul,,,,,,
Javonte,Sigrid,25738585431417276417,307 alexandria mews,apt. 128,38488,thieltown,wa
Emely,Xzavier,51226615412727614330,58341 federico park,suite 323,88444,cruickshankshire,de
Vicky,Claire,64575370954834183453,56358 dallas greens,apt. 212,46634,lubowitzfurt,vt
Osbaldo,Lexi,,80844 haleigh heights,apt. 488,33761,reillyberg,mn
Emory,Amie,83414646304377798351,,,,,
Esteban,Nya,13386616341835321557,3687 gabe pine,apt. 611,12444,lake astridmouth,de
Brett,Jessyca,50524035889652208622,9599 turner neck,suite 147,80461,south malachi,wv
Sandy,Florida,,39914 watsica parks,suite 841,32634,new emmyborough,de
Helga,Leon,14305547882001736528,69794 bennett villages,apt. 406,21477,lake alexzander,mt
Deion,Blake,28961825374575906687,114 price mews,apt. 588,60487,mitchellville,oh
Kaya,Creola,75282969014922323048,,,,,
Kylie,Blaise,44858656006255325236,664 diamond highway,apt. 954,76415,south leaberg,ks
Reggie,Wilber,,81622 keanu dam,suite 213,60138,parkertown,ga
Josefa,Celine,19457252289410089211,917 stroman forks,apt. 440,35160,lake rashad,ks
Alena,Geovanni,41400646913509135444,1132 willms valley,suite 779,72754,south ruthmouth,ar
Michael,Annamarie,44512200088787597663,,,,,
Jameson,Ally,,7019 terence turnpike,apt. 808,67609,georgeside,ne
Jane,Theresa,62641238131580894231,7181 howell dale,suite 702,89411,madalineville,wy
Carolina,Reynold,38755176721845285372,26601 dillon prairie,suite 262,32879,east serenity,va
Precious,Florence,89361641103009481647,9656 kling garden,suite 798,15525,luigishire,nv
Andreane,Wilfredo,,,,,,
Isidro,Marcelino,75819458817326840792,1751 name mountain,apt. 502,58034,jaidenfort,nh
Dorothea,Alexanne,38262536157106071916,5180 carter green,suite 352,84759,candidoberg,nv
Loma,Darrel,23323741713192355204,24214 norris vista,suite 312,19458,lake geneside,ok
Haven,Kennedy,,67389 boyer rest,apt. 629,68400,east elwynland,nc
Adolph,Mariano,74331487356298770272,164 reynolds via,suite 635,69603,port cesar,ky
Haleigh,Layne,76374717482331689077,,,,,
Gillian,Opal,08230284464413474272,405 beer bypass,suite 478,14141,port buddymouth,ga
Carlotta,Nelson,37860739072338532868,8245 jessie fords,suite 114,50899,port nola,ut
Nettie,Declan,,9707 adams streets,suite 346,50130,west lanebury,ky
Andre,Alia,63866836262304798936,8858 senger brook,apt. 980,93584,north valentineside,ks
Kristian,Dasia,31694265711136343446,,,,,
Sofia,Maximillia,15395103626136734424,839 trent pass,apt. 980,76614,forrestview,nc
Macy,Felton,,23390 lind haven,apt. 772,47520,titofort,wv
Celestine,Holden,20558217923813752632,72557 seamus stravenue,apt. 710,60687,gleasonberg,me
Brenden,Katelynn,68181333656348965484,7194 aron dale,suite 495,72318,kiehnport,tn
Raven,Jovanny,74340569489247481217,59871 conn mills,apt. 720,37504,north celineshire,tx
Fernando,Kiel,80726400117231507135,,,,,
Mathias,Oscar,,6560 haag port,suite 105,61019,port florianland,wi
Nina,Trenton,91553476351338289334,42615 bashirian alley,apt. 443,97516,amayaton,wi
Lawrence,Melisa,02294373822671025265,24174 ellen shoals,apt. 558,90467,west doloresland,ms
Jeffery,Kaitlin,63611863735311412782,240 cruickshank stravenue,apt. 820,66390,port prudence,oh
Dale,Deion,,,,,,
Albina,Felton,35418572418204331436,6211 pfannerstill terrace,apt. 425,75346,langmouth,tn
Bailey,Dillan,42657317821727877054,69952 antonia crescent,suite 629,23617,kerlukeland,ga
Katheryn,Rickie,84446771170816516242,888 lang falls,suite 456,71466,south berthabury,ri
Cade,Ali,10579494653278940552,3432 dooley ranch,suite 912,49280,west myrtie,co
Randy,Ivory,,616 marie walks,suite 818,80423,north jess,ky
Concepcion,Rosalinda,64383970756984789152,,,,,
Damian,Kaitlin,62291306516371968542,86474 kip passage,suite 950,88411,gulgowskiland,oh
Lois,Charlene,07501208047132246148,762 ratke row,suite 904,66655,wernerburgh,ms
Yasmin,Shea,,462 bogan skyway,suite 734,14240,south loribury,pa
Turner,Eudora,67733706271865418237,40170 frida loaf,apt. 523,53891,kozeyberg,or
Rodger,Garnett,21565761968525304968,847 ewell mission,apt. 529,87729,new oliverland,id
Johanna,Margaret,45767537238064498838,,,,,
Ceasar,Modesta,16684867878480759846,6817 jakubowski pike,apt. 565,49240,jadenshire,ut
Sadie,Wilmer,,385 feest bridge,apt. 256,26370,south abbeystad,sc
Eliseo,Archibald,86072882042406675405,53036 doyle ranch,apt. 506,17325,rueckerbury,nv
Erwin,Dejon,38735845198691052611,9024 pollich loaf,apt. 747,24048,port ayden,ar
Emmie,Thelma,87128148771183586467,,,,,
Carmelo,Angeline,,224 d'amore lights,apt. 431,87753,spinkahaven,ct
Gennaro,Jodie,28340297825505247246,559 goldner stravenue,apt. 925,61119,feestmouth,ne
Shea,Sam,60657639425128170237,5534 balistreri ports,apt. 140,90431,lake stephon,mn
Jessy,Estrella,62375932791224782185,86793 lourdes station,suite 876,49639,maraberg,wy
Clark,Alexandrine,85519383721414443087,615 howe groves,suite 625,24307,ornfort,mi
Meredith,Alexandre,,,,,,
Madeline,Florida,48521545788769373287,48231 brakus course,apt. 303,94714,lake natville,wv
Jeanne,Winona,23723775566121131476,324 perry view,suite 314,57141,north romanville,ar
Marilyne,Carmine,71198962629067686267,2188 murazik plain,suite 251,21034,lake adalinestad,de
Archibald,Gregoria,,1107 gerlach lock,apt. 749,89407,ondrickafurt,ct
Angelina,Arturo,94626955234352383318,,,,,
Isabel,Reymundo,84481648635892785127,13492 goyette lake,suite 931,82525,feilburgh,ar
Jerrold,Chelsie,79198131105334678873,845 darryl branch,suite 777,77698,east vivianneberg,vt
Jamie,Lorenza,,33618 rylan estate,suite 151,98525,west pamelaview,tx
Ashtyn,Hugh,52148283435158753428,8997 chet fields,suite 342,29913,funkbury,mn
Monique,Jaden,02136508305414120381,,,,,
Lisa,Caden,33733826769468204076,6880 sherman groves,apt. 773,39690,diannaville,ky
Rogers,Everett,13119227877421886276,7294 parker villages,suite 949,86294,eunaville,vt
Libby,Garret,,350 hettinger pike,suite 447,14772,rettaton,sc
Rigoberto,Jon,98824617144325215651,389 vern course,suite 682,67104,north markus,ca
Jocelyn,Yadira,47372327156871352592,40614 constantin station,suite 187,10740,new isac,ut
Marjorie,Lisa,20261551694101505256,,,,,
Burnice,Jacinthe,,41995 ethelyn extensions,suite 865,24099,east leslyburgh,ga
Garrison,Rowland,28244488304414858525,449 green knolls,suite 161,36818,south kassandraburgh,fl
Alexandrea,Pietro,40668206553198764436,645 konopelski stravenue,suite 555,51264,johnshaven,ne
Braden,Randy,63951251433059313307,37518 lynch stream,apt. 262,56200,kianaland,ne
Nannie,Juvenal,47934816667761894913,97587 boris prairie,suite 850,85180,tylerton,pa
Dennis,Lauriane,,,,,,
Erika,Alejandra,55321191342479826226,783 wiza mount,suite 786,25972,east marlonland,ca
Daryl,Mireya,42825416573763391592,78523 balistreri bridge,suite 986,19246,port gideon,mo
Garland,Shanon,25722071843784488444,7487 betty garden,apt. 845,29246,vanceborough,wv
Mabelle,Gerald,,9518 alvina ways,apt. 434,86732,legrosport,nm
Wellington,Eveline,52224515635263622552,,,,,
Pansy,Madisen,56976859328476310830,3278 johnston parks,apt. 445,77081,lake leonieshire,mo
Orland,Clifford,10151634761453348332,71467 little parkways,suite 823,95273,south nestor,de
Lura,Carolanne,,849 ledner heights,apt. 313,98871,lake citlalliberg,hi
Frieda,Halle,20598784761552520257,9700 jazmin motorway,suite 535,75367,south bridgettestad,wv
Elinor,Kelsi,83483148265743727531,38002 barton fields,apt. 634,40660,lake marlen,mo
Nathanael,Alexie,12522756255853491765,,,,,
Gregory,Kaelyn,48451805274136595753,28980 prosacco walks,suite 189,49913,creminberg,va
Gracie,Joy,,2286 doyle loop,apt. 103,36232,kirstenport,ct
Katarina,Jackeline,73533548920121157537,529 abbigail falls,apt. 773,33788,lake cindyland,tx
Anika,Morgan,59684176686341531737,3002 trantow haven,suite 175,98835,west gabe,nd
Bryon,Antonia,76269758812721287393,,,,,
Matilda,Rene,,9517 winfield ramp,apt. 558,29227,trentton,mi
Keshawn,Hellen,01696467458966739237,160 johnpaul shoal,apt. 819,99292,o'haraside,nv
Lucious,Yasmine,64385676493097762107,763 nico run,apt. 105,16262,south ludwig,la
Vernice,Missouri,60518549503647168315,123 moises union,apt. 427,64938,south shanelle,tx
Quentin,Carey,48584865819838716106,8395 savion spring,apt. 515,69289,west evertmouth,ca
Rahsaan,Velda,,,,,,
Raphaelle,Elisa,78351021556837502444,9963 joy trail,suite 459,49654,jennyfermouth,nj
Miguel,Ottis,36844595112332882473,7362 rahsaan points,suite 216,49038,port kevon,ok
Audra,Kristoffer,09107685311457653553,42068 rosemarie spur,apt. 810,56423,strosinville,ne
Tobin,Tyler,,2684 arne springs,apt. 409,56298,lake noemiechester,pa
Art,Alejandrin,78791823677627337226,,,,,
Tierra,Quinn,01734158001471915148,82378 amanda point,suite 944,98808,new samanta,tx
Shania,Alice,26851680110146908993,9576 caroline hill,suite 974,94795,west chris,az
Aisha,Dortha,,9692 michale knoll,suite 862,11438,reyberg,ky
Geraldine,Junior,16812475474743167993,29188 turner flats,apt. 413,47052,hayesmouth,sc
Holden,Leon,85231883333620805644,,,,,
Tyra,Benedict,15666128412219616349,2159 muller road,apt. 954,16290,stefanieland,tx
Wade,Geo,,73224 brycen crest,apt. 797,63918,russelland,ut
Oscar,Mohammad,72569943054714521155,971 runolfsson views,suite 648,26071,north lavonne,ne
Geovanni,Coby,67022257323561577850,862 ernest haven,suite 776,22823,parisianland,ak
Trycia,Gerald,87852185438622118572,,,,,
Payton,Briana,67927006875389289539,4701 kasey ports,suite 522,30863,lutherburgh,sd
Octavia,Alessandro,,9157 wolf drives,apt. 139,87034,new dustinville,mi
Keven,Rex,20835255763874961451,7286 keebler centers,suite 964,54546,kirstenside,sc
Jonathon,Carter,41477047772454684144,26567 schimmel springs,apt. 352,91519,kassulkeview,tx
Eden,Bonnie,90299473567815437531,855 daniel inlet,apt. 589,56150,gottliebville,az
Faustino,Kaylee,,,,,,
Reuben,Arne,63803857220464706613,218 glover parkways,suite 977,50294,south uriahborough,ct
Einar,Missouri,16678380905253577683,63186 herzog pike,suite 405,64897,south merlport,oh
Reta,Daniela,28406129481424315728,65647 tromp hollow,apt. 871,74662,new betty,ks
Reymundo,Tiara,26886272452725577492,1600 wilderman flat,apt. 555,42728,new lesterborough,ne
Mara,Hermina,,6086 lila loop,suite 348,46278,schaefermouth,ga
Clarissa,Felicity,58626307266823047332,,,,,
Gavin,Rita,88336286361567162510,356 florencio fort,suite 295,99840,abagailburgh,mo
Stanford,Reece,13481236896147722710,325 darrel road,suite 108,89063,north guadalupe,mt
Zackery,Gillian,11240664612428757450,86907 metz gateway,apt. 469,47912,pourosfurt,tx
Maye,Lucie,,839 howe field,suite 743,56213,north jalonmouth,ky
Nolan,Jeffrey,53534201412731144562,452 unique curve,apt. 158,18997,new adalberto,la
Cesar,Bailee,54703704821828676767,,,,,
Whitney,Luis,12745874446123256447,41373 carter canyon,suite 933,12512,wolfland,il
